insert into sale (sale_id, title, province, district, city, price, land_area, description, cover_photo, user_id, type_id, address) values (100, 'Selling a land close to Badulla ', 'Uva', 'Badulla', 'Badulla', 25515000, 35, 'Qui eiusmod irure pariatur commodo quis do quis. Eiusmod consectetur magna in. Consectetur aliqua nostrud laborum minim commodo laborum adipiscing, dolore qui adipiscing anim veniam non ad est. Lorem sit occaecat ut eiusmod. Dolore anim amet velit anim.', 'images/sale/049rf94u5yr0.jpeg', 10, 1, '2 lane, pariatur, Badulla');insert into sale_phone (sale_id, phone) values (100, '0849717379');insert into sale_phone (sale_id, phone) values (100, '0703844227');insert into sale_phone (sale_id, phone) values (100, '0192894751');insert into sale_phone (sale_id, phone) values (100, '0837282258');insert into sale_phone (sale_id, phone) values (100, '0686635781');insert into sale_media (sale_id, media) values (100, 'images/sale/049rf94u5yr1.jpeg');insert into sale_media (sale_id, media) values (100, 'images/sale/049rf94u5yr2.jpeg');insert into sale_media (sale_id, media) values (100, 'images/sale/049rf94u5yr3.jfif');insert into sale (sale_id, title, province, district, city, price, land_area, description, cover_photo, user_id, type_id, address) values (101, 'Land for sale close to NuwaraEliya ', 'Central', 'NuwaraEliya', 'NuwaraEliya', 35937000, 99, 'Laboris magna sed quis. Ullamco eiusmod nulla ad. Quis proident nostrud pariatur adipiscing sit sint. Sed duis sint et ipsum elit. Laboris dolor lorem irure quis do. Adipiscing proident dolore sunt incididunt aute culpa voluptate. Do dolor veniam consequat dolor, nostrud veniam cupidatat excepteur cupidatat laboris est.', 'images/sale/049rf94u5yr4.jpg', 4, 2, '9 lane, eu, NuwaraEliya');insert into sale_phone (sale_id, phone) values (101, '0497674133');insert into sale_phone (sale_id, phone) values (101, '0595548381');insert into sale_phone (sale_id, phone) values (101, '0977398132');insert into sale_media (sale_id, media) values (101, 'images/sale/049rf94u5yr5.jpg');insert into sale_media (sale_id, media) values (101, 'images/sale/049rf94u5yr6.jpeg');insert into sale_media (sale_id, media) values (101, 'images/sale/049rf94u5yr7.jpeg');insert into sale (sale_id, title, province, district, city, price, land_area, description, cover_photo, user_id, type_id, address) values (102, 'Land for sale close to Kaluthara ', 'Western', 'Kaluthara', 'Kaluthara', 1700000, 20, 'Nostrud eiusmod ex ullamco duis. Aliqua consectetur sed ex sunt occaecat fugiat velit. Mollit ut aliqua eu minim. Pariatur amet aliquip amet. Commodo elit minim cupidatat veniam proident consequat labore. Cupidatat amet ex ea sint culpa aliquip. Et deserunt culpa dolore, id exercitation consectetur sed qui consectetur elit, esse reprehenderit est nostrud ex sint qui labore. Pariatur adipiscing tempor non laborum sed, sed exercitation esse incididunt ullamco cupidatat velit, laboris sed officia dolor amet enim ut. Enim lorem pariatur id. Pariatur in magna in excepteur.', 'images/sale/049rf94u5yr8.jfif', 2, 3, '6 lane, voluptate, Kaluthara');insert into sale_phone (sale_id, phone) values (102, '0691724977');insert into sale_phone (sale_id, phone) values (102, '0956154188');insert into sale_phone (sale_id, phone) values (102, '0198022963');insert into sale_phone (sale_id, phone) values (102, '0395892325');insert into sale_phone (sale_id, phone) values (102, '0102525137');insert into sale_media (sale_id, media) values (102, 'images/sale/049rf94u5yr9.jfif');insert into sale_media (sale_id, media) values (102, 'images/sale/049rf94u5yr10.jfif');insert into sale_media (sale_id, media) values (102, 'images/sale/049rf94u5yr11.jpeg');insert into sale_media (sale_id, media) values (102, 'images/sale/049rf94u5yr12.png');insert into sale (sale_id, title, province, district, city, price, land_area, description, cover_photo, user_id, type_id, address) values (103, 'Land for sale ', 'Eastern', 'Trincomalee', 'Trincomalee', 7098000, 26, 'Sed fugiat labore magna. Officia id et in. Non occaecat reprehenderit dolor ipsum. Fugiat sed non est, sint excepteur fugiat magna irure pariatur occaecat, est labore anim voluptate occaecat. Nostrud velit elit aliquip. Et sunt esse duis elit consequat. In veniam deserunt nostrud, amet quis officia quis esse voluptate. Est do mollit amet consectetur consectetur velit velit. Nostrud esse enim sed cupidatat.', 'images/sale/049rf94u5yr13.png', 7, 2, '2 lane, sed, Trincomalee');insert into sale_phone (sale_id, phone) values (103, '0884494513');insert into sale_phone (sale_id, phone) values (103, '0342209166');insert into sale_phone (sale_id, phone) values (103, '0728208834');insert into sale_phone (sale_id, phone) values (103, '0694467117');insert into sale_phone (sale_id, phone) values (103, '0872081583');insert into sale_media (sale_id, media) values (103, 'images/sale/049rf94u5yr14.jfif');insert into sale_media (sale_id, media) values (103, 'images/sale/049rf94u5yr15.jfif');insert into sale_media (sale_id, media) values (103, 'images/sale/049rf94u5yr16.jpg');insert into sale (sale_id, title, province, district, city, price, land_area, description, cover_photo, user_id, type_id, address) values (104, 'Land sale within 17 km Monaragala ', 'Uva', 'Monaragala', 'Monaragala', 12648000, 24, 'Veniam ullamco adipiscing laboris ipsum aliquip eiusmod, deserunt laboris laboris duis enim. Ut reprehenderit sed ipsum sed, id nostrud dolore duis dolore officia nostrud cillum. Anim reprehenderit aute anim fugiat, tempor esse sint elit voluptate. Minim exercitation aute dolor, pariatur fugiat non tempor mollit. Exercitation anim ex culpa magna. Sint commodo labore dolore commodo occaecat minim veniam, proident laborum consequat id ipsum proident. Ullamco cillum ea quis dolore officia sit. Est aliqua occaecat tempor voluptate do aliquip, non velit ex excepteur nulla exercitation pariatur duis. Cupidatat elit aliqua nulla quis magna, dolor exercitation non duis qui excepteur esse mollit, esse ut in ea tempor. Duis reprehenderit ut reprehenderit eiusmod eu.', 'images/sale/049rf94u5yr17.jfif', 6, 3, '4 lane, et, Monaragala');insert into sale_phone (sale_id, phone) values (104, '0630870917');insert into sale_media (sale_id, media) values (104, 'images/sale/049rf94u5yr18.jpg');insert into sale_media (sale_id, media) values (104, 'images/sale/049rf94u5yr19.jpeg');insert into sale_media (sale_id, media) values (104, 'images/sale/049rf94u5yr20.jpg');insert into sale_media (sale_id, media) values (104, 'images/sale/049rf94u5yr21.jpeg');insert into sale (sale_id, title, province, district, city, price, land_area, description, cover_photo, user_id, type_id, address) values (105, 'Selling a land ', 'Western', 'Kaluthara', 'Kaluthara', 8624000, 44, 'Sint id est sunt. Elit est tempor excepteur, sit et laboris deserunt anim esse reprehenderit ut, amet aliquip fugiat aute esse eiusmod. Veniam pariatur sint nulla. Laboris voluptate proident veniam, cupidatat cupidatat ex aute non esse, elit occaecat proident reprehenderit. Adipiscing ea labore cillum dolore. Nulla non sit sunt ullamco lorem elit velit.', 'images/sale/049rf94u5yr22.jfif', 2, 2, '7 lane, id, Kaluthara');insert into sale_phone (sale_id, phone) values (105, '0629685179');insert into sale_phone (sale_id, phone) values (105, '0440568623');insert into sale_phone (sale_id, phone) values (105, '0483273931');insert into sale_phone (sale_id, phone) values (105, '0626732605');insert into sale_media (sale_id, media) values (105, 'images/sale/049rf94u5yr23.png');insert into sale (sale_id, title, province, district, city, price, land_area, description, cover_photo, user_id, type_id, address) values (106, 'Land for sale within 18 km Mathara ', 'Southern', 'Mathara', 'Mathara', 5952000, 48, 'Ut eiusmod officia quis quis aliquip incididunt et. Officia do culpa deserunt cillum pariatur sint consectetur, ex officia officia lorem mollit ex proident nostrud. Anim irure esse ipsum laboris lorem culpa, adipiscing ipsum ex eiusmod sit. Mollit qui est voluptate qui cupidatat do. Nulla aliqua sed qui voluptate excepteur. Minim officia incididunt eu culpa non sint cillum. Veniam tempor ut enim.', 'images/sale/049rf94u5yr24.png', 9, 1, '2 lane, do, Mathara');insert into sale_phone (sale_id, phone) values (106, '0102388366');insert into sale_media (sale_id, media) values (106, 'images/sale/049rf94u5yr25.jpg');insert into sale_media (sale_id, media) values (106, 'images/sale/049rf94u5yr26.jfif');insert into sale_media (sale_id, media) values (106, 'images/sale/049rf94u5yr27.jfif');insert into sale (sale_id, title, province, district, city, price, land_area, description, cover_photo, user_id, type_id, address) values (107, 'Land sale in Mathara ', 'Southern', 'Mathara', 'Mathara', 8774000, 82, 'Culpa incididunt commodo ea lorem esse esse, elit ullamco et lorem tempor pariatur. Cupidatat id tempor ad duis aliqua. Proident cillum consectetur enim nulla irure id, ut aute esse ullamco. Adipiscing proident consequat velit proident. Eiusmod qui quis culpa incididunt pariatur exercitation, ut anim ad nulla est ipsum, reprehenderit sunt dolor laborum veniam sunt veniam. Incididunt consectetur exercitation est.', 'images/sale/049rf94u5yr28.jpg', 2, 1, '9 lane, cillum, Mathara');insert into sale_phone (sale_id, phone) values (107, '0222047525');insert into sale_phone (sale_id, phone) values (107, '0916924538');insert into sale_phone (sale_id, phone) values (107, '0197857385');insert into sale_media (sale_id, media) values (107, 'images/sale/049rf94u5yr29.jpeg');insert into sale (sale_id, title, province, district, city, price, land_area, description, cover_photo, user_id, type_id, address) values (108, 'Selling a land ', 'Western', 'Gampaha', 'Gampaha', 55149000, 93, 'Ex amet lorem nulla sed reprehenderit. Lorem exercitation veniam sed dolore sed in culpa. Sit dolore nulla ipsum. Eu eiusmod ut elit. Voluptate proident minim fugiat in velit, est ad lorem veniam voluptate et nisi. Consequat do eu fugiat consectetur. Esse quis magna irure magna dolor non ut, fugiat id dolor ut. Nostrud laborum labore adipiscing, esse aute do cillum. Adipiscing labore veniam duis ex nostrud exercitation.', 'images/sale/049rf94u5yr30.jpeg', 5, 3, '8 lane, commodo, Gampaha');insert into sale_phone (sale_id, phone) values (108, '0717045911');insert into sale_phone (sale_id, phone) values (108, '0444385272');insert into sale_phone (sale_id, phone) values (108, '0606700905');insert into sale_phone (sale_id, phone) values (108, '0252837552');insert into sale_media (sale_id, media) values (108, 'images/sale/049rf94u5yr31.jpg');insert into sale (sale_id, title, province, district, city, price, land_area, description, cover_photo, user_id, type_id, address) values (109, 'Selling a land ', 'Western', 'Kaluthara', 'Kaluthara', 15435000, 63, 'Proident amet sint fugiat. Mollit elit fugiat do reprehenderit consectetur ipsum, eiusmod culpa minim sunt laborum, minim et exercitation ea qui deserunt ipsum ex. Enim officia nisi laborum ex ullamco nostrud exercitation. Qui ex dolore fugiat labore deserunt. Esse ex lorem in incididunt eu, exercitation cupidatat nulla nostrud et ut ea dolor. Commodo voluptate esse sed aliquip fugiat in. Sed ad aliqua duis sed ipsum, ut consectetur deserunt exercitation proident adipiscing. Elit non ipsum nulla laboris labore, excepteur nulla laboris laborum et quis elit. Id aliqua qui sint ut anim ullamco.', 'images/sale/049rf94u5yr32.jpeg', 9, 2, '5 lane, non, Kaluthara');insert into sale_phone (sale_id, phone) values (109, '0307147182');insert into sale_phone (sale_id, phone) values (109, '0872942956');insert into sale_phone (sale_id, phone) values (109, '0687810652');insert into sale_phone (sale_id, phone) values (109, '0130284659');insert into sale_phone (sale_id, phone) values (109, '0780570355');insert into sale_media (sale_id, media) values (109, 'images/sale/049rf94u5yr33.jpeg');insert into sale_media (sale_id, media) values (109, 'images/sale/049rf94u5yr34.jpeg');insert into sale_media (sale_id, media) values (109, 'images/sale/049rf94u5yr35.jfif');insert into sale_media (sale_id, media) values (109, 'images/sale/049rf94u5yr36.jpeg');insert into sale (sale_id, title, province, district, city, price, land_area, description, cover_photo, user_id, type_id, address) values (110, 'Land for sale close to Kaluthara ', 'Western', 'Kaluthara', 'Kaluthara', 86304000, 93, 'Eiusmod sunt proident dolor duis minim. Cupidatat aliquip minim labore, cillum et aliquip ea. Ullamco exercitation officia ea amet ex esse, officia est esse labore aliqua consequat et, occaecat laboris aliqua tempor. Commodo pariatur fugiat eu in culpa. Ullamco incididunt voluptate non fugiat aliqua, non magna et sunt consequat ut proident irure. Laborum sint sint amet laborum sed consectetur ipsum. Anim et qui duis. Enim nulla velit nisi velit labore, officia aliquip ut ipsum.', 'images/sale/049rf94u5yr37.jpeg', 2, 2, '2 lane, labore, Kaluthara');insert into sale_phone (sale_id, phone) values (110, '0725818972');insert into sale_media (sale_id, media) values (110, 'images/sale/049rf94u5yr38.jpg');insert into sale (sale_id, title, province, district, city, price, land_area, description, cover_photo, user_id, type_id, address) values (111, 'Land for sale in Jaffna ', 'Northern', 'Jaffna', 'Jaffna', 9108000, 46, 'Aute magna tempor deserunt sunt cupidatat culpa. Enim ipsum mollit ad aliquip lorem. Et duis aute lorem nostrud sit, duis ex laborum dolore culpa, laborum id excepteur dolore irure voluptate. Velit aliqua esse ad in, labore veniam do sint in do esse anim, eiusmod ullamco adipiscing est veniam nostrud. Incididunt nisi ut est reprehenderit elit cillum do. Dolor adipiscing amet veniam in elit adipiscing nulla.', 'images/sale/049rf94u5yr39.jfif', 2, 2, '9 lane, commodo, Jaffna');insert into sale_phone (sale_id, phone) values (111, '0983919852');insert into sale_phone (sale_id, phone) values (111, '0444850713');insert into sale_phone (sale_id, phone) values (111, '0666774595');insert into sale_phone (sale_id, phone) values (111, '0349587732');insert into sale_media (sale_id, media) values (111, 'images/sale/049rf94u5yr40.jpeg');insert into sale_media (sale_id, media) values (111, 'images/sale/049rf94u5yr41.jpeg');insert into sale (sale_id, title, province, district, city, price, land_area, description, cover_photo, user_id, type_id, address) values (112, 'Selling a land in Batticaloa ', 'Eastern', 'Batticaloa', 'Batticaloa', 61650000, 75, 'Deserunt occaecat culpa eu duis, ea ea qui officia labore et cupidatat. Aliqua ex sint irure. Ipsum pariatur veniam dolor magna, officia ut tempor ea mollit dolore tempor do. Aliqua officia duis ullamco adipiscing in, reprehenderit commodo magna elit voluptate. Est voluptate ullamco voluptate laborum adipiscing pariatur enim, reprehenderit deserunt mollit velit tempor deserunt et.', 'images/sale/049rf94u5yr42.jfif', 8, 2, '1 lane, cillum, Batticaloa');insert into sale_phone (sale_id, phone) values (112, '0936082501');insert into sale_phone (sale_id, phone) values (112, '0229724130');insert into sale_media (sale_id, media) values (112, 'images/sale/049rf94u5yr43.jpeg');insert into sale (sale_id, title, province, district, city, price, land_area, description, cover_photo, user_id, type_id, address) values (113, 'Land sale in Kandy ', 'Central', 'Kandy', 'Kandy', 73458000, 77, 'Minim non ex laboris, duis tempor officia velit do voluptate sit incididunt. Anim nostrud aliquip mollit reprehenderit, et fugiat ullamco est irure officia, cupidatat consequat nulla ex enim id cillum laboris. Fugiat labore qui mollit, amet deserunt sint cupidatat incididunt. Elit ea irure aliquip aute eiusmod et, commodo excepteur elit culpa. Amet id ipsum tempor, enim sed enim aute elit incididunt quis. Aliqua irure mollit in, sunt tempor sint veniam ad.', 'images/sale/049rf94u5yr44.jpeg', 2, 1, '3 lane, id, Kandy');insert into sale_phone (sale_id, phone) values (113, '0233209880');insert into sale_phone (sale_id, phone) values (113, '0630780944');insert into sale_media (sale_id, media) values (113, 'images/sale/049rf94u5yr45.jpg');insert into sale_media (sale_id, media) values (113, 'images/sale/049rf94u5yr46.jpeg');insert into sale_media (sale_id, media) values (113, 'images/sale/049rf94u5yr47.jpeg');insert into sale (sale_id, title, province, district, city, price, land_area, description, cover_photo, user_id, type_id, address) values (114, 'Land sale ', 'NorthWestern', 'Puttalam', 'Puttalam', 36494000, 71, 'Officia incididunt do velit, in veniam ea non consectetur proident. Fugiat velit et eiusmod sit. Aliqua sit minim laborum dolore, deserunt veniam amet magna adipiscing ex veniam. Ea nostrud anim esse. Reprehenderit fugiat sit fugiat ea nostrud sunt irure.', 'images/sale/049rf94u5yr48.jfif', 5, 2, '5 lane, elit, Puttalam');insert into sale_phone (sale_id, phone) values (114, '0590335441');insert into sale_phone (sale_id, phone) values (114, '0731339088');insert into sale_phone (sale_id, phone) values (114, '0531076548');insert into sale_phone (sale_id, phone) values (114, '0351375552');insert into sale_media (sale_id, media) values (114, 'images/sale/049rf94u5yr49.jfif');insert into sale_media (sale_id, media) values (114, 'images/sale/049rf94u5yr50.jpeg');insert into sale_media (sale_id, media) values (114, 'images/sale/049rf94u5yr51.jpg');insert into sale (sale_id, title, province, district, city, price, land_area, description, cover_photo, user_id, type_id, address) values (115, 'Land for sale ', 'Sabaragamuwa', 'Rathnapura', 'Rathnapura', 17823000, 39, 'Cupidatat ex est magna duis anim cupidatat adipiscing. Do nulla deserunt eiusmod est enim duis fugiat, consequat fugiat eiusmod eiusmod anim proident duis. Aliquip velit et quis. Minim aliqua do sunt sint non dolore consequat. Enim commodo aute ut, tempor nulla ipsum nisi. Aliqua pariatur lorem ad aute dolor, magna sit do adipiscing. Sint mollit laboris veniam excepteur quis amet. Lorem officia velit commodo, minim sint velit exercitation veniam reprehenderit fugiat.', 'images/sale/049rf94u5yr52.jfif', 3, 1, '3 lane, dolor, Rathnapura');insert into sale_phone (sale_id, phone) values (115, '0218522716');insert into sale_phone (sale_id, phone) values (115, '0956850740');insert into sale_phone (sale_id, phone) values (115, '0729266098');insert into sale_media (sale_id, media) values (115, 'images/sale/049rf94u5yr53.jpeg');insert into sale_media (sale_id, media) values (115, 'images/sale/049rf94u5yr54.jfif');insert into sale_media (sale_id, media) values (115, 'images/sale/049rf94u5yr55.jfif');insert into sale_media (sale_id, media) values (115, 'images/sale/049rf94u5yr56.jpeg');insert into sale_media (sale_id, media) values (115, 'images/sale/049rf94u5yr57.jpeg');insert into sale (sale_id, title, province, district, city, price, land_area, description, cover_photo, user_id, type_id, address) values (116, 'Land sale within 29 km Galle ', 'Southern', 'Galle', 'Galle', 40326000, 94, 'Nulla laboris sint do commodo sint esse sed. Ut sint in est sed et esse nisi. Velit commodo incididunt occaecat. Fugiat nostrud velit sit adipiscing tempor officia, sint reprehenderit consectetur voluptate. Velit exercitation deserunt sed ut voluptate.', 'images/sale/049rf94u5yr58.jpg', 10, 3, '8 lane, cillum, Galle');insert into sale_phone (sale_id, phone) values (116, '0599306430');insert into sale_phone (sale_id, phone) values (116, '0767609229');insert into sale_phone (sale_id, phone) values (116, '0547526316');insert into sale_media (sale_id, media) values (116, 'images/sale/049rf94u5yr59.jpg');insert into sale_media (sale_id, media) values (116, 'images/sale/049rf94u5yr60.jpeg');insert into sale_media (sale_id, media) values (116, 'images/sale/049rf94u5yr61.png');insert into sale_media (sale_id, media) values (116, 'images/sale/049rf94u5yr62.jfif');insert into sale (sale_id, title, province, district, city, price, land_area, description, cover_photo, user_id, type_id, address) values (117, 'Land for sale within 37 km Monaragala ', 'Uva', 'Monaragala', 'Monaragala', 30349000, 89, 'Magna do aute voluptate non. Duis commodo laborum nisi ex. Voluptate cillum exercitation qui dolor, proident est aliquip laboris qui. Velit lorem excepteur officia nostrud dolor. Sit tempor irure non occaecat consectetur reprehenderit. Irure nisi ea cupidatat consequat eu amet enim.', 'images/sale/049rf94u5yr63.jpeg', 4, 2, '4 lane, nostrud, Monaragala');insert into sale_phone (sale_id, phone) values (117, '0751003516');insert into sale_phone (sale_id, phone) values (117, '0770570240');insert into sale_phone (sale_id, phone) values (117, '0681593348');insert into sale_phone (sale_id, phone) values (117, '0601205574');insert into sale_media (sale_id, media) values (117, 'images/sale/049rf94u5yr64.jpg');insert into sale (sale_id, title, province, district, city, price, land_area, description, cover_photo, user_id, type_id, address) values (118, 'Land sale ', 'Eastern', 'Trincomalee', 'Trincomalee', 43808000, 74, 'Nostrud fugiat nisi pariatur laborum aute magna mollit. Ad deserunt consequat velit adipiscing sint adipiscing proident. Occaecat duis aliquip sint cupidatat sunt aliquip laboris. Quis tempor ex deserunt nulla labore ullamco ad. Qui enim ex dolore in ad irure, deserunt culpa ullamco id. Ea aute laborum ea. Proident sed magna laborum dolor officia. In excepteur sed reprehenderit.', 'images/sale/049rf94u5yr65.jpg', 6, 2, '3 lane, mollit, Trincomalee');insert into sale_phone (sale_id, phone) values (118, '0884990543');insert into sale_phone (sale_id, phone) values (118, '0719366463');insert into sale_phone (sale_id, phone) values (118, '0797169056');insert into sale_phone (sale_id, phone) values (118, '0343891228');insert into sale_phone (sale_id, phone) values (118, '0542722054');insert into sale_media (sale_id, media) values (118, 'images/sale/049rf94u5yr66.jpeg');insert into sale_media (sale_id, media) values (118, 'images/sale/049rf94u5yr67.jpeg');insert into sale_media (sale_id, media) values (118, 'images/sale/049rf94u5yr68.jfif');insert into sale_media (sale_id, media) values (118, 'images/sale/049rf94u5yr69.jpeg');insert into sale_media (sale_id, media) values (118, 'images/sale/049rf94u5yr70.jfif');insert into sale (sale_id, title, province, district, city, price, land_area, description, cover_photo, user_id, type_id, address) values (119, 'Land sale close to Monaragala ', 'Uva', 'Monaragala', 'Monaragala', 6080000, 32, 'Elit adipiscing do et fugiat pariatur reprehenderit consequat. Consequat commodo ad dolor nulla ullamco amet, ullamco aliquip veniam aute sint cillum ullamco sit. Ipsum aute eu proident est. Ea ullamco ex et non, nisi veniam enim reprehenderit. Laboris sunt lorem consequat in.', 'images/sale/049rf94u5yr71.jpeg', 5, 3, '5 lane, lorem, Monaragala');insert into sale_phone (sale_id, phone) values (119, '0508042406');insert into sale_phone (sale_id, phone) values (119, '0362044093');insert into sale_phone (sale_id, phone) values (119, '0686442255');insert into sale_phone (sale_id, phone) values (119, '0983125847');insert into sale_media (sale_id, media) values (119, 'images/sale/049rf94u5yr72.png');insert into sale_media (sale_id, media) values (119, 'images/sale/049rf94u5yr73.jpeg');insert into sale_media (sale_id, media) values (119, 'images/sale/049rf94u5yr74.jpg');insert into sale (sale_id, title, province, district, city, price, land_area, description, cover_photo, user_id, type_id, address) values (120, 'Selling a land within 29 km Galle ', 'Southern', 'Galle', 'Galle', 49140000, 60, 'Aliqua quis velit tempor adipiscing excepteur, sit enim nulla aute nulla enim velit qui, commodo mollit elit labore non est. Nostrud commodo anim velit. Id sed incididunt voluptate aliqua sint sit. Amet proident dolore eu est ipsum in, sunt irure aute in cupidatat nulla cupidatat officia. Ullamco aliquip eiusmod esse tempor consectetur incididunt proident, esse excepteur nulla pariatur id non commodo.', 'images/sale/049rf94u5yr75.jpeg', 2, 3, '1 lane, proident, Galle');insert into sale_phone (sale_id, phone) values (120, '0648164584');insert into sale_phone (sale_id, phone) values (120, '0853619371');insert into sale_phone (sale_id, phone) values (120, '0206865911');insert into sale_media (sale_id, media) values (120, 'images/sale/049rf94u5yr76.jfif');insert into sale_media (sale_id, media) values (120, 'images/sale/049rf94u5yr77.jpeg');insert into sale_media (sale_id, media) values (120, 'images/sale/049rf94u5yr78.jpeg');insert into sale (sale_id, title, province, district, city, price, land_area, description, cover_photo, user_id, type_id, address) values (121, 'Selling a land ', 'Central', 'NuwaraEliya', 'NuwaraEliya', 17964000, 36, 'Minim sunt commodo proident non non duis. Ex aliquip commodo adipiscing veniam cupidatat occaecat fugiat. Tempor exercitation commodo consequat. Aliquip non velit labore eu proident. Non nisi enim eiusmod occaecat consequat. Voluptate sint excepteur pariatur occaecat lorem, laborum tempor non mollit incididunt veniam. Adipiscing lorem tempor commodo anim mollit, et eiusmod cillum laborum labore adipiscing amet. Eu eiusmod dolor exercitation, veniam laborum nostrud laborum magna dolore reprehenderit, do exercitation nostrud enim commodo. Quis adipiscing sunt sed aute mollit ad.', 'images/sale/049rf94u5yr79.jfif', 2, 3, '6 lane, ullamco, NuwaraEliya');insert into sale_phone (sale_id, phone) values (121, '0468226049');insert into sale_phone (sale_id, phone) values (121, '0283365969');insert into sale_phone (sale_id, phone) values (121, '0348966139');insert into sale_media (sale_id, media) values (121, 'images/sale/049rf94u5yr80.jpg');insert into sale_media (sale_id, media) values (121, 'images/sale/049rf94u5yr81.jpeg');insert into sale (sale_id, title, province, district, city, price, land_area, description, cover_photo, user_id, type_id, address) values (122, 'Land sale close to Matale ', 'Central', 'Matale', 'Matale', 3008000, 47, 'Ullamco non aliqua enim reprehenderit. Non ea proident nulla. Qui et nulla ullamco consectetur sit. Magna nisi tempor aute occaecat. Pariatur est laborum quis eu excepteur deserunt commodo. Aliquip esse esse aliquip quis, laboris culpa proident culpa dolore sunt in cupidatat.', 'images/sale/049rf94u5yr82.jpeg', 1, 1, '5 lane, labore, Matale');insert into sale_phone (sale_id, phone) values (122, '0330051353');insert into sale_media (sale_id, media) values (122, 'images/sale/049rf94u5yr83.jpeg');insert into sale_media (sale_id, media) values (122, 'images/sale/049rf94u5yr84.jpeg');insert into sale (sale_id, title, province, district, city, price, land_area, description, cover_photo, user_id, type_id, address) values (123, 'Land for sale ', 'NorthCentral', 'Polonnaruwa', 'Polonnaruwa', 65835000, 95, 'Mollit ad est aliquip, adipiscing in minim commodo cillum adipiscing eiusmod. Deserunt sint amet dolore eu. Laboris velit sit enim elit, id laborum nostrud labore consequat mollit culpa. Est consectetur minim ullamco. Pariatur ullamco deserunt laborum ad, do deserunt irure elit aliqua in culpa aliqua. Magna aliqua ullamco aliqua incididunt. In dolor sunt sunt magna qui ea, anim deserunt id occaecat. Pariatur nisi labore ea excepteur et, incididunt excepteur cillum quis dolore elit ut ut. Pariatur veniam laboris ut, incididunt elit consectetur in.', 'images/sale/049rf94u5yr85.jfif', 2, 3, '6 lane, qui, Polonnaruwa');insert into sale_phone (sale_id, phone) values (123, '0300584890');insert into sale_phone (sale_id, phone) values (123, '0252764202');insert into sale_phone (sale_id, phone) values (123, '0221199827');insert into sale_phone (sale_id, phone) values (123, '0221727568');insert into sale_phone (sale_id, phone) values (123, '0803527378');insert into sale_media (sale_id, media) values (123, 'images/sale/049rf94u5yr86.jpeg');insert into sale_media (sale_id, media) values (123, 'images/sale/049rf94u5yr87.jpeg');insert into sale_media (sale_id, media) values (123, 'images/sale/049rf94u5yr88.jpeg');insert into sale_media (sale_id, media) values (123, 'images/sale/049rf94u5yr89.jpg');insert into sale_media (sale_id, media) values (123, 'images/sale/049rf94u5yr90.jpg');insert into sale (sale_id, title, province, district, city, price, land_area, description, cover_photo, user_id, type_id, address) values (124, 'Land for sale in Polonnaruwa ', 'NorthCentral', 'Polonnaruwa', 'Polonnaruwa', 26110000, 70, 'Sit adipiscing occaecat cillum eu consequat dolore. Ex consequat enim occaecat labore esse do culpa. In anim officia ad veniam deserunt aute, in et reprehenderit do enim culpa minim veniam. Excepteur sunt veniam nostrud qui nostrud do, mollit exercitation sint pariatur ullamco. Veniam lorem pariatur pariatur irure do.', 'images/sale/049rf94u5yr91.jpeg', 9, 2, '9 lane, ipsum, Polonnaruwa');insert into sale_phone (sale_id, phone) values (124, '0557176257');insert into sale_media (sale_id, media) values (124, 'images/sale/049rf94u5yr92.jpeg');insert into sale_media (sale_id, media) values (124, 'images/sale/049rf94u5yr93.png');insert into sale_media (sale_id, media) values (124, 'images/sale/049rf94u5yr94.jpeg');insert into sale (sale_id, title, province, district, city, price, land_area, description, cover_photo, user_id, type_id, address) values (125, 'Land sale ', 'NorthWestern', 'Kurunegala', 'Kurunegala', 5208000, 28, 'Duis tempor do nulla cillum veniam ullamco qui. Velit enim consectetur cillum fugiat consequat ex. Deserunt reprehenderit reprehenderit tempor incididunt, eiusmod occaecat do nostrud do aute ipsum consectetur. Ipsum anim sit labore exercitation ea nisi. Occaecat eiusmod irure mollit labore qui. Cupidatat pariatur voluptate velit proident consequat consectetur occaecat. Proident dolor in enim, est excepteur et officia non exercitation magna. Cupidatat nostrud non ipsum eiusmod, adipiscing minim commodo irure elit. Commodo eu duis id. Sint velit voluptate elit est sint.', 'images/sale/049rf94u5yr95.jfif', 10, 2, '1 lane, cupidatat, Kurunegala');insert into sale_phone (sale_id, phone) values (125, '0291069326');insert into sale_media (sale_id, media) values (125, 'images/sale/049rf94u5yr96.jpeg');insert into sale_media (sale_id, media) values (125, 'images/sale/049rf94u5yr97.png');insert into sale (sale_id, title, province, district, city, price, land_area, description, cover_photo, user_id, type_id, address) values (126, 'Land for sale close to Kaluthara ', 'Western', 'Kaluthara', 'Kaluthara', 33614000, 49, 'Voluptate ad cupidatat aliqua ut. Minim fugiat qui deserunt occaecat. Eu proident excepteur quis cillum sint anim in. Deserunt qui enim magna sunt. Velit pariatur lorem quis et. Lorem proident et elit quis ullamco deserunt. Est excepteur nostrud elit laboris. Sunt aliquip quis tempor anim. Fugiat non est nulla eiusmod id, ea sint cillum sunt ea culpa in. Commodo eiusmod esse enim.', 'images/sale/049rf94u5yr98.jfif', 10, 2, '10 lane, dolore, Kaluthara');insert into sale_phone (sale_id, phone) values (126, '0689569619');insert into sale_phone (sale_id, phone) values (126, '0942450388');insert into sale_phone (sale_id, phone) values (126, '0987369747');insert into sale_phone (sale_id, phone) values (126, '0897218096');insert into sale_phone (sale_id, phone) values (126, '0548023386');insert into sale_media (sale_id, media) values (126, 'images/sale/049rf94u5yr99.jpeg');insert into sale_media (sale_id, media) values (126, 'images/sale/049rf94u5yr100.jpeg');insert into sale_media (sale_id, media) values (126, 'images/sale/049rf94u5yr101.jpeg');insert into sale_media (sale_id, media) values (126, 'images/sale/049rf94u5yr102.jfif');insert into sale_media (sale_id, media) values (126, 'images/sale/049rf94u5yr103.jpeg');insert into sale (sale_id, title, province, district, city, price, land_area, description, cover_photo, user_id, type_id, address) values (127, 'Land sale ', 'Uva', 'Monaragala', 'Monaragala', 29920000, 40, 'Et mollit sit ad. Do nostrud sit quis elit. Non sint consectetur velit excepteur. Cupidatat ea nulla tempor qui minim commodo ipsum. Voluptate do officia occaecat sed non ex. Incididunt anim enim mollit sint nisi nostrud eiusmod. Labore nulla et ullamco non voluptate. Velit adipiscing deserunt non. Aute laborum eu magna.', 'images/sale/049rf94u5yr104.jfif', 9, 3, '8 lane, sunt, Monaragala');insert into sale_phone (sale_id, phone) values (127, '0745309834');insert into sale_phone (sale_id, phone) values (127, '0165603031');insert into sale_phone (sale_id, phone) values (127, '0851760965');insert into sale_phone (sale_id, phone) values (127, '0143676223');insert into sale_phone (sale_id, phone) values (127, '0708275902');insert into sale_media (sale_id, media) values (127, 'images/sale/049rf94u5yr105.jpeg');insert into sale (sale_id, title, province, district, city, price, land_area, description, cover_photo, user_id, type_id, address) values (128, 'Land sale within 34 km Monaragala ', 'Uva', 'Monaragala', 'Monaragala', 87048000, 93, 'Enim enim eiusmod ipsum occaecat. Sint esse adipiscing magna incididunt ullamco minim, consectetur eiusmod consequat aliquip non velit laborum. Ad ipsum ex proident ut. Pariatur laboris esse occaecat aliquip duis sit. Dolore in aliqua elit qui velit reprehenderit nostrud, commodo cupidatat aliqua lorem eu aute nostrud.', 'images/sale/049rf94u5yr106.jpg', 1, 2, '4 lane, ex, Monaragala');insert into sale_phone (sale_id, phone) values (128, '0822395589');insert into sale_phone (sale_id, phone) values (128, '0866542476');insert into sale_media (sale_id, media) values (128, 'images/sale/049rf94u5yr107.jpg');insert into sale_media (sale_id, media) values (128, 'images/sale/049rf94u5yr108.jpeg');insert into sale_media (sale_id, media) values (128, 'images/sale/049rf94u5yr109.jpg');insert into sale_media (sale_id, media) values (128, 'images/sale/049rf94u5yr110.jpeg');insert into sale_media (sale_id, media) values (128, 'images/sale/049rf94u5yr111.jpeg');insert into sale (sale_id, title, province, district, city, price, land_area, description, cover_photo, user_id, type_id, address) values (129, 'Land for sale ', 'Southern', 'Mathara', 'Mathara', 7258000, 19, 'Dolore nisi sit fugiat excepteur sed, commodo nostrud culpa consectetur qui sint do. In pariatur commodo sit aliqua laboris, cupidatat est consectetur laboris. Culpa culpa est id occaecat, et deserunt fugiat dolor reprehenderit cupidatat. Irure fugiat reprehenderit in do anim veniam. Excepteur sunt aliquip nostrud cupidatat tempor lorem eiusmod. Veniam veniam sed ullamco ex.', 'images/sale/049rf94u5yr112.jpg', 5, 1, '2 lane, nostrud, Mathara');insert into sale_phone (sale_id, phone) values (129, '0830887227');insert into sale_phone (sale_id, phone) values (129, '0256252677');insert into sale_media (sale_id, media) values (129, 'images/sale/049rf94u5yr113.jpeg');insert into sale (sale_id, title, province, district, city, price, land_area, description, cover_photo, user_id, type_id, address) values (130, 'Land sale ', 'Sabaragamuwa', 'Rathnapura', 'Rathnapura', 2640000, 30, 'Aute dolore laborum est commodo. Velit est exercitation mollit tempor, tempor aliqua enim elit. Laboris laborum elit aliqua in exercitation sed, incididunt aliqua non nulla ad. Eiusmod consequat sit commodo duis laboris eu occaecat. Sit duis id id sit in magna. Consequat voluptate et enim laborum adipiscing tempor. Laborum anim fugiat commodo dolore nisi, sint sit duis lorem ut sed officia culpa. Enim lorem occaecat elit mollit esse consectetur.', 'images/sale/049rf94u5yr114.jpeg', 10, 3, '5 lane, nisi, Rathnapura');insert into sale_phone (sale_id, phone) values (130, '0354731687');insert into sale_phone (sale_id, phone) values (130, '0481667808');insert into sale_phone (sale_id, phone) values (130, '0216721698');insert into sale_phone (sale_id, phone) values (130, '0817630659');insert into sale_phone (sale_id, phone) values (130, '0414640452');insert into sale_media (sale_id, media) values (130, 'images/sale/049rf94u5yr115.jfif');insert into sale_media (sale_id, media) values (130, 'images/sale/049rf94u5yr116.jpeg');insert into sale_media (sale_id, media) values (130, 'images/sale/049rf94u5yr117.jfif');insert into sale_media (sale_id, media) values (130, 'images/sale/049rf94u5yr118.jpg');insert into sale (sale_id, title, province, district, city, price, land_area, description, cover_photo, user_id, type_id, address) values (131, 'Selling a land ', 'Uva', 'Monaragala', 'Monaragala', 7668000, 71, 'Duis irure id cillum aliquip elit adipiscing non. Deserunt aute irure velit reprehenderit aliquip, aliquip consectetur quis ullamco, adipiscing dolore magna excepteur exercitation sint do. Ullamco sit pariatur sit pariatur. Dolor laborum culpa dolore nostrud aute in, consectetur nisi quis esse. Exercitation dolore ad officia nisi. Cupidatat aliquip non ut reprehenderit. Dolor culpa nulla eiusmod velit tempor. Ullamco commodo aliquip ullamco irure proident elit esse.', 'images/sale/049rf94u5yr119.jfif', 1, 2, '9 lane, officia, Monaragala');insert into sale_phone (sale_id, phone) values (131, '0197597099');insert into sale_phone (sale_id, phone) values (131, '0791482348');insert into sale_phone (sale_id, phone) values (131, '0331648948');insert into sale_phone (sale_id, phone) values (131, '0302108424');insert into sale_phone (sale_id, phone) values (131, '0504277718');insert into sale_media (sale_id, media) values (131, 'images/sale/049rf94u5yr120.jfif');insert into sale_media (sale_id, media) values (131, 'images/sale/049rf94u5yr121.jpeg');insert into sale_media (sale_id, media) values (131, 'images/sale/049rf94u5yr122.jpg');insert into sale_media (sale_id, media) values (131, 'images/sale/049rf94u5yr123.jpg');insert into sale (sale_id, title, province, district, city, price, land_area, description, cover_photo, user_id, type_id, address) values (132, 'Selling a land close to Matale ', 'Central', 'Matale', 'Matale', 30461000, 83, 'Consectetur duis cupidatat pariatur lorem, mollit esse eiusmod cillum tempor sint. Nulla est fugiat excepteur. Exercitation elit incididunt dolor aliqua laborum, excepteur laborum sit dolore eu quis, aute consectetur irure consequat veniam aliquip voluptate eiusmod. Do commodo in aliquip. Elit ipsum pariatur fugiat adipiscing nostrud nisi, voluptate tempor do do fugiat nulla labore. Labore do est labore in cupidatat cillum. Voluptate do ipsum voluptate, consequat et voluptate excepteur id laborum eiusmod tempor. Eiusmod aliquip laboris ea, occaecat consequat adipiscing amet qui consectetur duis. Irure consequat ad pariatur quis, duis ea amet quis dolor.', 'images/sale/049rf94u5yr124.jfif', 2, 1, '5 lane, do, Matale');insert into sale_phone (sale_id, phone) values (132, '0442968742');insert into sale_phone (sale_id, phone) values (132, '0208331502');insert into sale_media (sale_id, media) values (132, 'images/sale/049rf94u5yr125.jpeg');insert into sale_media (sale_id, media) values (132, 'images/sale/049rf94u5yr126.jpeg');insert into sale_media (sale_id, media) values (132, 'images/sale/049rf94u5yr127.jfif');insert into sale (sale_id, title, province, district, city, price, land_area, description, cover_photo, user_id, type_id, address) values (133, 'Land for sale ', 'NorthCentral', 'Anuradhapura', 'Anuradhapura', 11141000, 13, 'Magna quis occaecat ipsum cillum. Proident non lorem officia sint reprehenderit officia. Sunt fugiat anim tempor exercitation qui sed sit. Reprehenderit velit irure laboris qui, labore cillum ipsum id ad incididunt deserunt eiusmod. Mollit ea enim cillum, do adipiscing enim irure fugiat cupidatat. Cupidatat qui nisi non quis excepteur dolore ullamco, dolor voluptate nostrud veniam sunt adipiscing veniam proident. Ullamco adipiscing deserunt aliqua excepteur commodo eiusmod. Amet fugiat ad consequat. Do sint magna mollit. Cupidatat magna incididunt et do aliquip, et anim fugiat laboris ipsum aute, cillum anim ea veniam eu mollit.', 'images/sale/049rf94u5yr128.jfif', 6, 1, '1 lane, sit, Anuradhapura');insert into sale_phone (sale_id, phone) values (133, '0805675741');insert into sale_media (sale_id, media) values (133, 'images/sale/049rf94u5yr129.jpeg');insert into sale (sale_id, title, province, district, city, price, land_area, description, cover_photo, user_id, type_id, address) values (134, 'Land sale within 42 km Kilinochchi ', 'Northern', 'Kilinochchi', 'Kilinochchi', 30368000, 32, 'Dolore labore anim reprehenderit. Irure id aliqua adipiscing id magna ad excepteur, aliquip qui qui sed tempor mollit, dolore exercitation proident deserunt labore occaecat. Quis minim est quis amet ad. Lorem proident pariatur eu voluptate, nulla id aute mollit. Pariatur anim ut elit magna do. Ullamco ut culpa laborum. Consequat ipsum velit aliqua officia adipiscing. Eiusmod ea dolore est reprehenderit cupidatat et sint. Sit amet lorem dolor ex exercitation. Adipiscing ut incididunt incididunt mollit.', 'images/sale/049rf94u5yr130.jfif', 6, 3, '8 lane, excepteur, Kilinochchi');insert into sale_phone (sale_id, phone) values (134, '0997050834');insert into sale_media (sale_id, media) values (134, 'images/sale/049rf94u5yr131.jpeg');insert into sale_media (sale_id, media) values (134, 'images/sale/049rf94u5yr132.jpeg');insert into sale (sale_id, title, province, district, city, price, land_area, description, cover_photo, user_id, type_id, address) values (135, 'Land sale ', 'NorthCentral', 'Anuradhapura', 'Anuradhapura', 5214000, 66, 'Sed in voluptate nulla et pariatur proident velit. Minim pariatur id deserunt. Fugiat dolor officia proident amet aliqua dolor. Ex laboris nulla dolore. Enim deserunt qui pariatur ut eu, eu quis officia duis, laborum labore consequat sed est voluptate. Deserunt ut dolor proident sunt. Qui ut ipsum incididunt, tempor adipiscing esse est in elit, nostrud do consequat non reprehenderit. Ex esse fugiat dolor quis.', 'images/sale/049rf94u5yr133.jpeg', 7, 2, '5 lane, commodo, Anuradhapura');insert into sale_phone (sale_id, phone) values (135, '0232485438');insert into sale_phone (sale_id, phone) values (135, '0463992798');insert into sale_media (sale_id, media) values (135, 'images/sale/049rf94u5yr134.jpeg');insert into sale_media (sale_id, media) values (135, 'images/sale/049rf94u5yr135.jpeg');insert into sale_media (sale_id, media) values (135, 'images/sale/049rf94u5yr136.jpeg');insert into sale (sale_id, title, province, district, city, price, land_area, description, cover_photo, user_id, type_id, address) values (136, 'Selling a land ', 'Uva', 'Badulla', 'Badulla', 5586000, 49, 'Adipiscing sit ad eiusmod. Exercitation laboris dolor voluptate. Dolor adipiscing velit aliquip velit do. Culpa velit cupidatat voluptate. Reprehenderit qui cillum dolore aliquip ad deserunt pariatur, tempor anim do reprehenderit ipsum. Amet cupidatat in lorem proident cillum nulla ad. Laborum sint amet deserunt ex ut sit elit, quis velit tempor esse aute, esse exercitation consectetur magna nisi exercitation deserunt. Aliqua non et nostrud nostrud.', 'images/sale/049rf94u5yr137.jpeg', 1, 2, '5 lane, ut, Badulla');insert into sale_phone (sale_id, phone) values (136, '0973664936');insert into sale_phone (sale_id, phone) values (136, '0130887574');insert into sale_phone (sale_id, phone) values (136, '0698521639');insert into sale_phone (sale_id, phone) values (136, '0470633510');insert into sale_media (sale_id, media) values (136, 'images/sale/049rf94u5yr138.jpg');insert into sale_media (sale_id, media) values (136, 'images/sale/049rf94u5yr139.jfif');insert into sale_media (sale_id, media) values (136, 'images/sale/049rf94u5yr140.png');insert into sale_media (sale_id, media) values (136, 'images/sale/049rf94u5yr141.jpeg');insert into sale (sale_id, title, province, district, city, price, land_area, description, cover_photo, user_id, type_id, address) values (137, 'Selling a land ', 'NorthWestern', 'Kurunegala', 'Kurunegala', 33814000, 58, 'Enim magna reprehenderit consectetur. Amet non voluptate deserunt irure culpa. Anim veniam cillum do. Sunt nulla aute aute aute cupidatat nisi lorem, consectetur minim pariatur nostrud in. Amet consequat sed tempor nostrud laborum reprehenderit officia. Velit proident tempor enim in exercitation, quis minim sunt exercitation fugiat esse nulla. Eiusmod minim sint anim. Qui incididunt dolore irure ad incididunt quis eiusmod. Qui pariatur aute magna cupidatat. Ex adipiscing excepteur enim aliqua lorem laborum.', 'images/sale/049rf94u5yr142.jfif', 4, 2, '9 lane, veniam, Kurunegala');insert into sale_phone (sale_id, phone) values (137, '0328494453');insert into sale_phone (sale_id, phone) values (137, '0250021182');insert into sale_media (sale_id, media) values (137, 'images/sale/049rf94u5yr143.jpeg');insert into sale_media (sale_id, media) values (137, 'images/sale/049rf94u5yr144.jpg');insert into sale (sale_id, title, province, district, city, price, land_area, description, cover_photo, user_id, type_id, address) values (138, 'Land for sale ', 'Western', 'Kaluthara', 'Kaluthara', 24948000, 36, 'Tempor laboris elit consequat dolor dolor et, mollit pariatur eu exercitation ullamco laboris ea, sit aute ad aliqua adipiscing. Ex eiusmod velit esse duis tempor mollit culpa, occaecat ullamco do esse nulla enim, mollit sed cupidatat nulla labore esse ea elit. Irure culpa anim laboris, et proident velit reprehenderit ex exercitation, pariatur esse elit ut nulla sint. Eu sit aliqua cillum duis, excepteur lorem quis deserunt deserunt, est anim ad ex. Nisi quis velit velit. Dolore elit tempor reprehenderit. Aliqua exercitation qui consequat sit veniam cupidatat deserunt. Amet ipsum incididunt culpa.', 'images/sale/049rf94u5yr145.jfif', 2, 2, '3 lane, dolore, Kaluthara');insert into sale_phone (sale_id, phone) values (138, '0870513838');insert into sale_phone (sale_id, phone) values (138, '0392973973');insert into sale_media (sale_id, media) values (138, 'images/sale/049rf94u5yr146.jpg');insert into sale (sale_id, title, province, district, city, price, land_area, description, cover_photo, user_id, type_id, address) values (139, 'Land for sale in Mullativu ', 'Northern', 'Mullativu', 'Mullativu', 42770000, 65, 'Esse labore nisi velit ad duis officia, exercitation minim ad laboris sit non consectetur sit, officia exercitation eiusmod nostrud est. Proident elit dolore dolore. Duis sint enim velit nulla esse. Dolor ipsum voluptate est cillum adipiscing nisi cillum. Ut eiusmod eu exercitation cillum sit quis magna. Non reprehenderit consectetur proident eiusmod irure. Id commodo sunt aliquip voluptate officia sit culpa. Irure culpa nostrud elit sit, anim elit id excepteur ex. Eiusmod sed ipsum sed laboris ipsum, officia officia officia deserunt irure consequat reprehenderit. Est nisi dolore occaecat velit excepteur magna lorem, do id mollit sunt lorem minim.', 'images/sale/049rf94u5yr147.jpeg', 6, 2, '5 lane, non, Mullativu');insert into sale_phone (sale_id, phone) values (139, '0560044573');insert into sale_phone (sale_id, phone) values (139, '0548384156');insert into sale_phone (sale_id, phone) values (139, '0868311333');insert into sale_media (sale_id, media) values (139, 'images/sale/049rf94u5yr148.jpg');insert into sale_media (sale_id, media) values (139, 'images/sale/049rf94u5yr149.jfif');insert into sale_media (sale_id, media) values (139, 'images/sale/049rf94u5yr150.jpg');insert into sale_media (sale_id, media) values (139, 'images/sale/049rf94u5yr151.jpeg');insert into sale (sale_id, title, province, district, city, price, land_area, description, cover_photo, user_id, type_id, address) values (140, 'Selling a land ', 'NorthWestern', 'Puttalam', 'Puttalam', 48990000, 69, 'Laboris consectetur elit ad. Adipiscing ad laboris reprehenderit. Commodo excepteur esse excepteur laboris nulla lorem. Dolor commodo ex ut. Pariatur eiusmod labore anim adipiscing velit. Laborum quis labore aute. Est nostrud non eu. Eiusmod veniam non et sit tempor sunt.', 'images/sale/049rf94u5yr152.jpg', 9, 3, '3 lane, voluptate, Puttalam');insert into sale_phone (sale_id, phone) values (140, '0913380456');insert into sale_media (sale_id, media) values (140, 'images/sale/049rf94u5yr153.jfif');insert into sale_media (sale_id, media) values (140, 'images/sale/049rf94u5yr154.png');insert into sale_media (sale_id, media) values (140, 'images/sale/049rf94u5yr155.jpeg');insert into sale (sale_id, title, province, district, city, price, land_area, description, cover_photo, user_id, type_id, address) values (141, 'Land for sale within 3 km Gampaha ', 'Western', 'Gampaha', 'Gampaha', 16419000, 39, 'Quis proident enim officia do. Do dolore cillum ad officia sed commodo. Elit magna pariatur reprehenderit occaecat ad. Est ea fugiat sint in et esse irure. Reprehenderit cupidatat esse amet, do voluptate nulla aliquip laboris laboris mollit nisi. Sed mollit proident duis veniam esse aliquip elit, nulla in nisi lorem aute. Aliquip commodo officia ea incididunt eu, est pariatur incididunt ad sint pariatur. Qui ut eiusmod officia sed, ad in commodo pariatur. Sunt non sit cillum ut nisi occaecat, sit eiusmod enim est dolor dolor ullamco.', 'images/sale/049rf94u5yr156.jpg', 7, 2, '8 lane, ea, Gampaha');insert into sale_phone (sale_id, phone) values (141, '0446963588');insert into sale_phone (sale_id, phone) values (141, '0683139590');insert into sale_phone (sale_id, phone) values (141, '0779735650');insert into sale_phone (sale_id, phone) values (141, '0914910503');insert into sale_media (sale_id, media) values (141, 'images/sale/049rf94u5yr157.jpeg');insert into sale_media (sale_id, media) values (141, 'images/sale/049rf94u5yr158.jfif');insert into sale_media (sale_id, media) values (141, 'images/sale/049rf94u5yr159.jpeg');insert into sale_media (sale_id, media) values (141, 'images/sale/049rf94u5yr160.png');insert into sale (sale_id, title, province, district, city, price, land_area, description, cover_photo, user_id, type_id, address) values (142, 'Selling a land ', 'Sabaragamuwa', 'Rathnapura', 'Rathnapura', 18792000, 72, 'Ex consequat ea anim ex. Enim in mollit elit amet do, laboris culpa veniam laborum id do commodo mollit. Esse dolor sed nostrud minim deserunt veniam commodo. Cillum et lorem et, non non anim sunt pariatur ad culpa culpa. Anim qui laborum elit sint magna. Anim eu ad nostrud ut sit amet exercitation. Veniam labore ut nulla tempor sunt ullamco. Elit nulla aliqua officia tempor ipsum. Ex laboris laborum mollit cupidatat proident laborum, consectetur magna et consectetur non.', 'images/sale/049rf94u5yr161.jpg', 6, 2, '9 lane, pariatur, Rathnapura');insert into sale_phone (sale_id, phone) values (142, '0334191178');insert into sale_media (sale_id, media) values (142, 'images/sale/049rf94u5yr162.jpeg');insert into sale_media (sale_id, media) values (142, 'images/sale/049rf94u5yr163.jpeg');insert into sale_media (sale_id, media) values (142, 'images/sale/049rf94u5yr164.jpg');insert into sale_media (sale_id, media) values (142, 'images/sale/049rf94u5yr165.jpeg');insert into sale_media (sale_id, media) values (142, 'images/sale/049rf94u5yr166.jpeg');insert into sale (sale_id, title, province, district, city, price, land_area, description, cover_photo, user_id, type_id, address) values (143, 'Selling a land ', 'Central', 'Matale', 'Matale', 4932000, 12, 'Officia officia est dolor quis qui laborum dolor. Ut eiusmod aliqua irure. Velit eu eu eu labore aute, laborum culpa cupidatat labore nostrud, incididunt labore enim proident amet consequat nisi. Anim fugiat sunt veniam nulla. Sed sunt commodo lorem mollit esse, aute amet duis in. Sit exercitation tempor elit deserunt reprehenderit quis in.', 'images/sale/049rf94u5yr167.jpeg', 8, 3, '4 lane, duis, Matale');insert into sale_phone (sale_id, phone) values (143, '0884606526');insert into sale_phone (sale_id, phone) values (143, '0359858447');insert into sale_phone (sale_id, phone) values (143, '0494108457');insert into sale_phone (sale_id, phone) values (143, '0746606662');insert into sale_phone (sale_id, phone) values (143, '0315950982');insert into sale_media (sale_id, media) values (143, 'images/sale/049rf94u5yr168.jpg');insert into sale_media (sale_id, media) values (143, 'images/sale/049rf94u5yr169.jpeg');insert into sale (sale_id, title, province, district, city, price, land_area, description, cover_photo, user_id, type_id, address) values (144, 'Land sale ', 'Central', 'Kandy', 'Kandy', 24684000, 66, 'Officia dolore minim est cillum magna mollit tempor. Reprehenderit ea consectetur officia esse nostrud, ad consequat et enim incididunt amet, nostrud dolor id tempor incididunt. Veniam velit id lorem sunt velit ullamco irure, laboris elit enim excepteur in sunt. Aute quis anim dolor sit. Aliqua et officia sint quis sunt nisi aliquip, cillum anim excepteur labore nulla cillum nulla ea. Excepteur sunt elit minim adipiscing magna, veniam proident id laborum voluptate eu lorem. Nostrud in consequat irure irure sint. Fugiat do reprehenderit consectetur mollit non. Velit amet nostrud id consequat minim. Anim exercitation quis nostrud.', 'images/sale/049rf94u5yr170.jfif', 6, 2, '5 lane, magna, Kandy');insert into sale_phone (sale_id, phone) values (144, '0721876000');insert into sale_phone (sale_id, phone) values (144, '0710123695');insert into sale_phone (sale_id, phone) values (144, '0341447216');insert into sale_media (sale_id, media) values (144, 'images/sale/049rf94u5yr171.jfif');insert into sale_media (sale_id, media) values (144, 'images/sale/049rf94u5yr172.jfif');insert into sale_media (sale_id, media) values (144, 'images/sale/049rf94u5yr173.jpeg');insert into sale_media (sale_id, media) values (144, 'images/sale/049rf94u5yr174.jpeg');insert into sale (sale_id, title, province, district, city, price, land_area, description, cover_photo, user_id, type_id, address) values (145, 'Land sale within 6 km Galle ', 'Southern', 'Galle', 'Galle', 18150000, 30, 'Enim sunt sunt eiusmod ipsum. Ullamco id ea commodo. Consequat non reprehenderit culpa ex, eiusmod incididunt eiusmod exercitation veniam elit veniam officia. Officia laborum ex eu sit officia, magna sed sed dolore. Labore id sunt dolore consequat laborum. Ullamco qui mollit irure.', 'images/sale/049rf94u5yr175.jpg', 8, 2, '9 lane, elit, Galle');insert into sale_phone (sale_id, phone) values (145, '0870702991');insert into sale_phone (sale_id, phone) values (145, '0578408798');insert into sale_phone (sale_id, phone) values (145, '0653096699');insert into sale_phone (sale_id, phone) values (145, '0565193590');insert into sale_media (sale_id, media) values (145, 'images/sale/049rf94u5yr176.jpeg');insert into sale (sale_id, title, province, district, city, price, land_area, description, cover_photo, user_id, type_id, address) values (146, 'Land for sale ', 'Western', 'Gampaha', 'Gampaha', 8034000, 39, 'Aute aute ullamco do tempor sunt, ad dolor reprehenderit nulla, enim voluptate labore minim reprehenderit non labore ipsum. Aute quis in ut excepteur nulla nulla, irure sint ipsum adipiscing ex aliqua incididunt enim. Minim do laboris deserunt non, sunt voluptate ullamco et et nisi. Proident ex sit fugiat sed officia. Et mollit excepteur laboris, sunt exercitation duis nostrud esse ad velit est, culpa nisi eu nulla labore id laborum. Eu excepteur labore consequat consectetur quis.', 'images/sale/049rf94u5yr177.jpg', 7, 1, '6 lane, exercitation, Gampaha');insert into sale_phone (sale_id, phone) values (146, '0421375651');insert into sale_phone (sale_id, phone) values (146, '0647565884');insert into sale_media (sale_id, media) values (146, 'images/sale/049rf94u5yr178.jpg');insert into sale_media (sale_id, media) values (146, 'images/sale/049rf94u5yr179.jpeg');insert into sale_media (sale_id, media) values (146, 'images/sale/049rf94u5yr180.jpeg');insert into sale_media (sale_id, media) values (146, 'images/sale/049rf94u5yr181.jpeg');insert into sale (sale_id, title, province, district, city, price, land_area, description, cover_photo, user_id, type_id, address) values (147, 'Selling a land ', 'Northern', 'Jaffna', 'Jaffna', 884000, 13, 'Lorem proident consectetur enim. Non mollit fugiat quis officia cillum proident ipsum. Veniam laborum nostrud consectetur pariatur. Officia consequat mollit proident laborum. Commodo ad sit reprehenderit tempor veniam non dolor. Ullamco qui tempor adipiscing dolore non laboris, anim nostrud irure laboris ad mollit deserunt laboris, ipsum sunt eu fugiat enim irure. Eu veniam laborum deserunt. Esse sunt fugiat esse. Proident eiusmod irure magna excepteur. Reprehenderit occaecat exercitation mollit culpa cillum occaecat nisi, proident dolor velit officia tempor voluptate.', 'images/sale/049rf94u5yr182.jpeg', 2, 1, '5 lane, amet, Jaffna');insert into sale_phone (sale_id, phone) values (147, '0460486191');insert into sale_phone (sale_id, phone) values (147, '0701431884');insert into sale_phone (sale_id, phone) values (147, '0628119653');insert into sale_phone (sale_id, phone) values (147, '0507424568');insert into sale_phone (sale_id, phone) values (147, '0767360283');insert into sale_media (sale_id, media) values (147, 'images/sale/049rf94u5yr183.jfif');insert into sale_media (sale_id, media) values (147, 'images/sale/049rf94u5yr184.jpeg');insert into sale_media (sale_id, media) values (147, 'images/sale/049rf94u5yr185.jpeg');insert into sale_media (sale_id, media) values (147, 'images/sale/049rf94u5yr186.jpg');insert into sale (sale_id, title, province, district, city, price, land_area, description, cover_photo, user_id, type_id, address) values (148, 'Land for sale ', 'Northern', 'Mullativu', 'Mullativu', 40937000, 67, 'Eu duis elit proident sit, magna quis non adipiscing ad in voluptate. Minim occaecat lorem proident sit. Dolore officia elit dolore aliqua occaecat nulla, consequat sed voluptate cupidatat duis. Ad aute id deserunt. Incididunt et sint aliquip adipiscing ipsum ad, quis ad quis qui irure laborum. Est ea magna sint. Ut eiusmod nostrud aliqua consequat sed. Ex lorem aliqua ad consequat consectetur. Dolor fugiat lorem est sed. Sit consectetur veniam minim.', 'images/sale/049rf94u5yr187.jpeg', 1, 2, '9 lane, quis, Mullativu');insert into sale_phone (sale_id, phone) values (148, '0416400697');insert into sale_phone (sale_id, phone) values (148, '0974886648');insert into sale_media (sale_id, media) values (148, 'images/sale/049rf94u5yr188.jpeg');insert into sale_media (sale_id, media) values (148, 'images/sale/049rf94u5yr189.jpeg');insert into sale_media (sale_id, media) values (148, 'images/sale/049rf94u5yr190.jpeg');insert into sale_media (sale_id, media) values (148, 'images/sale/049rf94u5yr191.jpeg');insert into sale_media (sale_id, media) values (148, 'images/sale/049rf94u5yr192.jpg');insert into sale (sale_id, title, province, district, city, price, land_area, description, cover_photo, user_id, type_id, address) values (149, 'Selling a land within 8 km Polonnaruwa ', 'NorthCentral', 'Polonnaruwa', 'Polonnaruwa', 9417000, 43, 'Ad incididunt amet magna non. Ea dolor adipiscing sunt dolor adipiscing, ad voluptate cupidatat nulla incididunt tempor, adipiscing magna do sint in. Est sed mollit laborum ex eiusmod ut. Amet est adipiscing aliquip amet esse. Do ullamco ad id sit, dolor reprehenderit irure pariatur aliquip ut qui.', 'images/sale/049rf94u5yr193.jpg', 5, 1, '6 lane, consectetur, Polonnaruwa');insert into sale_phone (sale_id, phone) values (149, '0656608976');insert into sale_phone (sale_id, phone) values (149, '0978426300');insert into sale_media (sale_id, media) values (149, 'images/sale/049rf94u5yr194.jpeg');insert into sale_media (sale_id, media) values (149, 'images/sale/049rf94u5yr195.jpg');insert into sale_media (sale_id, media) values (149, 'images/sale/049rf94u5yr196.jpeg');insert into sale_media (sale_id, media) values (149, 'images/sale/049rf94u5yr197.jpeg');insert into sale_media (sale_id, media) values (149, 'images/sale/049rf94u5yr198.jpeg');insert into sale (sale_id, title, province, district, city, price, land_area, description, cover_photo, user_id, type_id, address) values (150, 'Land sale ', 'Western', 'Kaluthara', 'Kaluthara', 3290000, 35, 'Magna mollit non nostrud. Excepteur amet consectetur laborum id veniam, aliqua dolore nisi cupidatat eu esse laborum. Deserunt dolore voluptate quis cillum mollit sed. Laboris ea magna velit officia proident voluptate mollit, laboris lorem nulla adipiscing. Nulla veniam tempor minim non ea et dolore. Amet pariatur irure cillum. Cillum culpa esse dolore deserunt do.', 'images/sale/049rf94u5yr199.jpeg', 3, 1, '5 lane, eiusmod, Kaluthara');insert into sale_phone (sale_id, phone) values (150, '0303990028');insert into sale_phone (sale_id, phone) values (150, '0825247640');insert into sale_phone (sale_id, phone) values (150, '0277751088');insert into sale_phone (sale_id, phone) values (150, '0743617330');insert into sale_media (sale_id, media) values (150, 'images/sale/049rf94u5yr200.jpeg');insert into sale_media (sale_id, media) values (150, 'images/sale/049rf94u5yr201.png');insert into sale_media (sale_id, media) values (150, 'images/sale/049rf94u5yr202.jpg');insert into sale_media (sale_id, media) values (150, 'images/sale/049rf94u5yr203.jpeg');insert into sale_media (sale_id, media) values (150, 'images/sale/049rf94u5yr204.jfif');insert into sale (sale_id, title, province, district, city, price, land_area, description, cover_photo, user_id, type_id, address) values (151, 'Land for sale ', 'Southern', 'Mathara', 'Mathara', 20735000, 55, 'Nostrud pariatur commodo labore lorem, duis consectetur consectetur incididunt enim veniam, nisi nostrud voluptate esse tempor esse. Fugiat aute incididunt et, enim occaecat aliquip et nisi non, adipiscing quis consequat in magna. Deserunt qui pariatur tempor nulla consequat. Labore cillum mollit non non ut nisi labore, in aliquip exercitation do ipsum minim. Velit aliquip dolor sunt est sunt in voluptate. Labore ea consequat velit. Voluptate sunt reprehenderit incididunt quis ea aute, officia aliquip tempor ex nulla in. Qui et exercitation proident. Culpa ex et ex elit nisi aliqua proident, do cillum irure magna veniam adipiscing aliquip aliquip.', 'images/sale/049rf94u5yr205.jpg', 3, 1, '4 lane, incididunt, Mathara');insert into sale_phone (sale_id, phone) values (151, '0350586312');insert into sale_media (sale_id, media) values (151, 'images/sale/049rf94u5yr206.jpeg');insert into sale_media (sale_id, media) values (151, 'images/sale/049rf94u5yr207.jpg');insert into sale_media (sale_id, media) values (151, 'images/sale/049rf94u5yr208.jpeg');insert into sale_media (sale_id, media) values (151, 'images/sale/049rf94u5yr209.jpeg');insert into sale (sale_id, title, province, district, city, price, land_area, description, cover_photo, user_id, type_id, address) values (152, 'Selling a land within 11 km Hambanthota ', 'Southern', 'Hambanthota', 'Hambanthota', 21315000, 87, 'Sint consequat do adipiscing. Lorem aute magna duis sed et. Dolore nostrud minim ad. Officia ea fugiat officia, aute pariatur in velit. Aute sunt occaecat qui.', 'images/sale/049rf94u5yr210.png', 8, 2, '5 lane, ut, Hambanthota');insert into sale_phone (sale_id, phone) values (152, '0930585599');insert into sale_phone (sale_id, phone) values (152, '0697485167');insert into sale_phone (sale_id, phone) values (152, '0656143541');insert into sale_phone (sale_id, phone) values (152, '0363352968');insert into sale_phone (sale_id, phone) values (152, '0179707099');insert into sale_media (sale_id, media) values (152, 'images/sale/049rf94u5yr211.jpeg');insert into sale_media (sale_id, media) values (152, 'images/sale/049rf94u5yr212.png');insert into sale (sale_id, title, province, district, city, price, land_area, description, cover_photo, user_id, type_id, address) values (153, 'Land for sale ', 'Central', 'NuwaraEliya', 'NuwaraEliya', 4743000, 93, 'Elit et aliqua occaecat. Ad nulla eu dolor voluptate consectetur voluptate. Mollit laborum quis elit dolore do do, in non cillum est. Enim ullamco lorem incididunt magna mollit, adipiscing consequat sunt nulla laborum pariatur in consectetur. Dolore enim dolore quis nostrud. Elit enim occaecat sed consequat incididunt sunt magna.', 'images/sale/049rf94u5yr213.jpeg', 4, 3, '3 lane, sed, NuwaraEliya');insert into sale_phone (sale_id, phone) values (153, '0398096558');insert into sale_media (sale_id, media) values (153, 'images/sale/049rf94u5yr214.png');insert into sale_media (sale_id, media) values (153, 'images/sale/049rf94u5yr215.jpeg');insert into sale_media (sale_id, media) values (153, 'images/sale/049rf94u5yr216.jfif');insert into sale_media (sale_id, media) values (153, 'images/sale/049rf94u5yr217.jpeg');insert into sale (sale_id, title, province, district, city, price, land_area, description, cover_photo, user_id, type_id, address) values (154, 'Land sale ', 'Southern', 'Mathara', 'Mathara', 22568000, 91, 'Est voluptate velit ex exercitation. Consequat incididunt ut in labore lorem sunt, commodo exercitation consequat id non. Nulla lorem aliqua lorem ullamco. Eu aute tempor est incididunt sit in nostrud, commodo amet minim ut veniam cupidatat nulla. Consequat fugiat aute id ullamco. Velit irure duis velit lorem sint, cupidatat laboris labore irure ullamco id pariatur mollit.', 'images/sale/049rf94u5yr218.jpg', 6, 3, '7 lane, qui, Mathara');insert into sale_phone (sale_id, phone) values (154, '0953437740');insert into sale_phone (sale_id, phone) values (154, '0177965456');insert into sale_media (sale_id, media) values (154, 'images/sale/049rf94u5yr219.jpeg');insert into sale_media (sale_id, media) values (154, 'images/sale/049rf94u5yr220.png');insert into sale_media (sale_id, media) values (154, 'images/sale/049rf94u5yr221.jpeg');insert into sale_media (sale_id, media) values (154, 'images/sale/049rf94u5yr222.jpeg');insert into sale (sale_id, title, province, district, city, price, land_area, description, cover_photo, user_id, type_id, address) values (155, 'Land for sale close to Kurunegala ', 'NorthWestern', 'Kurunegala', 'Kurunegala', 62693000, 71, 'Veniam excepteur cupidatat adipiscing nulla non consectetur occaecat, amet minim nisi aliquip anim. Aliquip enim sunt sunt non officia exercitation. Et incididunt pariatur ipsum consequat ad officia. Pariatur duis nulla est sit officia pariatur ut. In proident adipiscing veniam qui qui, consectetur tempor excepteur duis. Minim aliqua ea eu cillum fugiat sit esse. Nisi sunt est laborum ipsum irure, aliquip nisi non est ex lorem. Velit amet ea in aliqua consectetur consequat.', 'images/sale/049rf94u5yr223.jpeg', 8, 1, '8 lane, in, Kurunegala');insert into sale_phone (sale_id, phone) values (155, '0479845599');insert into sale_phone (sale_id, phone) values (155, '0600388009');insert into sale_phone (sale_id, phone) values (155, '0649422296');insert into sale_media (sale_id, media) values (155, 'images/sale/049rf94u5yr224.jfif');insert into sale_media (sale_id, media) values (155, 'images/sale/049rf94u5yr225.jpeg');insert into sale_media (sale_id, media) values (155, 'images/sale/049rf94u5yr226.jpeg');insert into sale_media (sale_id, media) values (155, 'images/sale/049rf94u5yr227.jpeg');insert into sale_media (sale_id, media) values (155, 'images/sale/049rf94u5yr228.jpeg');insert into sale (sale_id, title, province, district, city, price, land_area, description, cover_photo, user_id, type_id, address) values (156, 'Land for sale ', 'Northern', 'Kilinochchi', 'Kilinochchi', 2100000, 12, 'Magna tempor est id voluptate lorem. Ullamco do ipsum proident, minim reprehenderit officia quis irure. Excepteur culpa dolor est fugiat minim sed velit, id nostrud do elit. Lorem esse quis elit consequat adipiscing. Labore ad nulla sint. Minim id eu pariatur laborum sit laboris.', 'images/sale/049rf94u5yr229.jpg', 10, 1, '2 lane, non, Kilinochchi');insert into sale_phone (sale_id, phone) values (156, '0386577420');insert into sale_media (sale_id, media) values (156, 'images/sale/049rf94u5yr230.jpeg');insert into sale_media (sale_id, media) values (156, 'images/sale/049rf94u5yr231.jpeg');insert into sale (sale_id, title, province, district, city, price, land_area, description, cover_photo, user_id, type_id, address) values (157, 'Land sale ', 'Central', 'Matale', 'Matale', 42185000, 65, 'Deserunt est mollit proident elit dolor sed. Ex cillum incididunt lorem dolor veniam, ea et ullamco incididunt enim proident sit. Est fugiat dolore esse. Ullamco tempor enim sit dolor magna, veniam culpa irure culpa magna non voluptate eu, velit laborum occaecat ipsum. Exercitation proident consequat et velit occaecat deserunt. Duis fugiat excepteur est fugiat, qui cupidatat do incididunt do minim reprehenderit laborum. Eiusmod anim in officia fugiat eu dolor. Cillum ipsum aute occaecat proident laborum ex. Nisi in non officia velit cillum pariatur, laborum cillum laboris culpa, in laboris cillum incididunt. Dolor officia irure veniam laborum ea.', 'images/sale/049rf94u5yr232.jpg', 3, 3, '9 lane, nulla, Matale');insert into sale_phone (sale_id, phone) values (157, '0181459701');insert into sale_phone (sale_id, phone) values (157, '0155369404');insert into sale_phone (sale_id, phone) values (157, '0679700557');insert into sale_phone (sale_id, phone) values (157, '0793266358');insert into sale_phone (sale_id, phone) values (157, '0438812210');insert into sale_media (sale_id, media) values (157, 'images/sale/049rf94u5yr233.jpeg');insert into sale_media (sale_id, media) values (157, 'images/sale/049rf94u5yr234.jpeg');insert into sale_media (sale_id, media) values (157, 'images/sale/049rf94u5yr235.jfif');insert into sale_media (sale_id, media) values (157, 'images/sale/049rf94u5yr236.jpeg');insert into sale (sale_id, title, province, district, city, price, land_area, description, cover_photo, user_id, type_id, address) values (158, 'Land for sale ', 'Sabaragamuwa', 'Rathnapura', 'Rathnapura', 9468000, 12, 'Aliquip id consequat adipiscing consequat adipiscing mollit exercitation. Exercitation aliqua non tempor nostrud incididunt, ipsum do elit ullamco nulla exercitation, nostrud laboris adipiscing eiusmod excepteur. Tempor fugiat mollit officia dolor cillum in incididunt. Veniam sint anim ad amet qui. Est esse aliqua nulla enim officia qui sed. Deserunt laborum ullamco minim dolor sint duis lorem. Aute ex incididunt enim est tempor qui. Aliquip fugiat do quis incididunt minim amet. Do lorem in velit, consectetur veniam sed anim qui voluptate amet labore, nisi tempor irure adipiscing ullamco laboris sint dolor.', 'images/sale/049rf94u5yr237.jpg', 6, 2, '6 lane, tempor, Rathnapura');insert into sale_phone (sale_id, phone) values (158, '0790890427');insert into sale_phone (sale_id, phone) values (158, '0573554718');insert into sale_phone (sale_id, phone) values (158, '0277965775');insert into sale_media (sale_id, media) values (158, 'images/sale/049rf94u5yr238.jpeg');insert into sale_media (sale_id, media) values (158, 'images/sale/049rf94u5yr239.png');insert into sale_media (sale_id, media) values (158, 'images/sale/049rf94u5yr240.jpg');insert into sale_media (sale_id, media) values (158, 'images/sale/049rf94u5yr241.jpeg');insert into sale (sale_id, title, province, district, city, price, land_area, description, cover_photo, user_id, type_id, address) values (159, 'Selling a land within 16 km Rathnapura ', 'Sabaragamuwa', 'Rathnapura', 'Rathnapura', 5208000, 14, 'Excepteur pariatur mollit nulla eiusmod est non anim. Anim nisi dolore dolor anim incididunt, duis velit proident duis aliqua dolore, amet nulla excepteur reprehenderit officia ea. Elit sint non veniam magna officia. Consectetur ullamco labore ea anim. Est nisi veniam quis laborum. Qui dolore nisi ut fugiat in, proident excepteur proident magna sunt officia incididunt qui.', 'images/sale/049rf94u5yr242.jfif', 6, 2, '2 lane, non, Rathnapura');insert into sale_phone (sale_id, phone) values (159, '0585053103');insert into sale_media (sale_id, media) values (159, 'images/sale/049rf94u5yr243.jpeg');insert into sale (sale_id, title, province, district, city, price, land_area, description, cover_photo, user_id, type_id, address) values (160, 'Land sale in Anuradhapura ', 'NorthCentral', 'Anuradhapura', 'Anuradhapura', 11506000, 22, 'Do quis mollit id duis, dolor irure do nostrud. Anim excepteur excepteur anim sunt non. Nulla id ad commodo. Reprehenderit mollit cillum reprehenderit ipsum id eu do, eu consequat dolore velit id sed cillum, commodo laborum veniam dolore labore commodo occaecat. Sit laboris irure dolore tempor do dolore, incididunt commodo voluptate ullamco, laboris aliqua elit ex. Sit adipiscing non fugiat commodo dolore. In fugiat exercitation aliqua nisi. Incididunt minim officia incididunt magna. Amet cupidatat culpa labore aliqua. Eiusmod pariatur pariatur pariatur in veniam ut sint.', 'images/sale/049rf94u5yr244.jpeg', 1, 1, '6 lane, laboris, Anuradhapura');insert into sale_phone (sale_id, phone) values (160, '0594933531');insert into sale_phone (sale_id, phone) values (160, '0506421520');insert into sale_phone (sale_id, phone) values (160, '0895508780');insert into sale_media (sale_id, media) values (160, 'images/sale/049rf94u5yr245.png');insert into sale (sale_id, title, province, district, city, price, land_area, description, cover_photo, user_id, type_id, address) values (161, 'Land for sale ', 'Northern', 'Mullativu', 'Mullativu', 6741000, 63, 'Ipsum nisi magna duis ad. Irure et qui consectetur veniam pariatur. Culpa id exercitation cillum magna tempor ut sit, consectetur proident id ullamco dolore est minim exercitation. Reprehenderit dolore laborum laborum. Deserunt anim elit consequat ea mollit. Voluptate excepteur dolor cillum laborum do esse.', 'images/sale/049rf94u5yr246.jpg', 7, 3, '5 lane, exercitation, Mullativu');insert into sale_phone (sale_id, phone) values (161, '0908647266');insert into sale_phone (sale_id, phone) values (161, '0664815660');insert into sale_phone (sale_id, phone) values (161, '0917345481');insert into sale_phone (sale_id, phone) values (161, '0942770797');insert into sale_media (sale_id, media) values (161, 'images/sale/049rf94u5yr247.jpeg');insert into sale (sale_id, title, province, district, city, price, land_area, description, cover_photo, user_id, type_id, address) values (162, 'Land sale close to Jaffna ', 'Northern', 'Jaffna', 'Jaffna', 15210000, 65, 'Deserunt ullamco dolore cupidatat veniam cupidatat proident. Voluptate ad laboris incididunt sed non, sunt officia sit ullamco incididunt elit. Id occaecat qui dolor dolor. Magna consequat aliqua ipsum ex eu sed. Nulla anim cillum et. In in ut id est commodo sunt consequat. Pariatur consequat nostrud in dolor aliquip. Et laboris incididunt nostrud lorem deserunt. Officia ad velit laborum incididunt, duis quis eiusmod tempor sed nisi fugiat anim, id laborum consequat veniam eu ut exercitation esse.', 'images/sale/049rf94u5yr248.jpeg', 5, 3, '4 lane, aliquip, Jaffna');insert into sale_phone (sale_id, phone) values (162, '0323280026');insert into sale_media (sale_id, media) values (162, 'images/sale/049rf94u5yr249.jpg');insert into sale_media (sale_id, media) values (162, 'images/sale/049rf94u5yr250.png');insert into sale_media (sale_id, media) values (162, 'images/sale/049rf94u5yr251.jpeg');insert into sale_media (sale_id, media) values (162, 'images/sale/049rf94u5yr252.jfif');insert into sale_media (sale_id, media) values (162, 'images/sale/049rf94u5yr253.jpeg');insert into sale (sale_id, title, province, district, city, price, land_area, description, cover_photo, user_id, type_id, address) values (163, 'Land sale ', 'NorthWestern', 'Kurunegala', 'Kurunegala', 23520000, 42, 'Lorem nostrud non sunt nulla adipiscing. Consectetur nostrud non est consequat ex. Laborum eu cillum sunt sed, esse voluptate do ad reprehenderit dolore. Ad pariatur lorem lorem culpa dolor ea ullamco. Lorem irure ipsum lorem non, dolor ut culpa excepteur enim sunt laboris eiusmod.', 'images/sale/049rf94u5yr254.jpeg', 4, 2, '3 lane, tempor, Kurunegala');insert into sale_phone (sale_id, phone) values (163, '0142160740');insert into sale_media (sale_id, media) values (163, 'images/sale/049rf94u5yr255.jfif');insert into sale_media (sale_id, media) values (163, 'images/sale/049rf94u5yr256.jpeg');insert into sale_media (sale_id, media) values (163, 'images/sale/049rf94u5yr257.jpeg');insert into sale_media (sale_id, media) values (163, 'images/sale/049rf94u5yr258.jpeg');insert into sale_media (sale_id, media) values (163, 'images/sale/049rf94u5yr259.jpg');insert into sale (sale_id, title, province, district, city, price, land_area, description, cover_photo, user_id, type_id, address) values (164, 'Land sale close to Kurunegala ', 'NorthWestern', 'Kurunegala', 'Kurunegala', 28112000, 56, 'Aliqua est culpa sint sint. Laborum ex enim labore ea mollit. Do cillum elit do veniam reprehenderit proident, amet excepteur anim ex enim, ut labore labore exercitation eu pariatur eiusmod. Excepteur voluptate aute esse cupidatat. Officia nisi consequat laboris. Dolore cillum fugiat dolore. Ullamco amet ea reprehenderit nisi.', 'images/sale/049rf94u5yr260.jfif', 9, 1, '9 lane, officia, Kurunegala');insert into sale_phone (sale_id, phone) values (164, '0136715346');insert into sale_phone (sale_id, phone) values (164, '0871245767');insert into sale_phone (sale_id, phone) values (164, '0438236945');insert into sale_media (sale_id, media) values (164, 'images/sale/049rf94u5yr261.jpeg');insert into sale_media (sale_id, media) values (164, 'images/sale/049rf94u5yr262.jpg');insert into sale (sale_id, title, province, district, city, price, land_area, description, cover_photo, user_id, type_id, address) values (165, 'Selling a land ', 'Western', 'Kaluthara', 'Kaluthara', 1166000, 11, 'Ut irure incididunt elit enim eu nulla qui. Et ut sint lorem velit, quis duis sed proident fugiat amet. Irure velit consectetur ea duis qui proident, ad duis aliquip labore enim consectetur ut, culpa voluptate ex incididunt sed amet exercitation esse. Ipsum nostrud ullamco esse id enim voluptate, occaecat et do sit. Incididunt quis officia ad sunt incididunt nulla lorem. Deserunt deserunt voluptate deserunt. Anim quis qui magna laborum ea magna, eu cupidatat excepteur excepteur esse. Officia cupidatat dolor qui non fugiat officia nisi, sit labore laborum est laboris deserunt lorem eiusmod. Consectetur quis consectetur exercitation in ut.', 'images/sale/049rf94u5yr263.jpeg', 8, 1, '8 lane, occaecat, Kaluthara');insert into sale_phone (sale_id, phone) values (165, '0200625044');insert into sale_phone (sale_id, phone) values (165, '0539086212');insert into sale_phone (sale_id, phone) values (165, '0980068566');insert into sale_phone (sale_id, phone) values (165, '0991536863');insert into sale_phone (sale_id, phone) values (165, '0576389297');insert into sale_media (sale_id, media) values (165, 'images/sale/049rf94u5yr264.jpeg');insert into sale_media (sale_id, media) values (165, 'images/sale/049rf94u5yr265.jpeg');insert into sale_media (sale_id, media) values (165, 'images/sale/049rf94u5yr266.jpeg');insert into sale_media (sale_id, media) values (165, 'images/sale/049rf94u5yr267.jpg');insert into sale_media (sale_id, media) values (165, 'images/sale/049rf94u5yr268.jpg');insert into sale (sale_id, title, province, district, city, price, land_area, description, cover_photo, user_id, type_id, address) values (166, 'Land for sale in Gampaha ', 'Western', 'Gampaha', 'Gampaha', 38852000, 44, 'Tempor laborum in sunt. Esse sint ut elit amet. Nostrud incididunt magna elit. Minim culpa ad aute qui nisi voluptate. Sint dolor eiusmod tempor exercitation. Duis quis do excepteur cillum tempor est. Cupidatat excepteur eiusmod dolore elit veniam nisi ullamco. Sit ipsum nostrud anim ullamco eu, minim cupidatat reprehenderit mollit consequat. Qui proident culpa id.', 'images/sale/049rf94u5yr269.jpg', 10, 3, '10 lane, cillum, Gampaha');insert into sale_phone (sale_id, phone) values (166, '0409574756');insert into sale_phone (sale_id, phone) values (166, '0804701924');insert into sale_phone (sale_id, phone) values (166, '0631666601');insert into sale_phone (sale_id, phone) values (166, '0518122634');insert into sale_phone (sale_id, phone) values (166, '0629239406');insert into sale_media (sale_id, media) values (166, 'images/sale/049rf94u5yr270.jpeg');insert into sale_media (sale_id, media) values (166, 'images/sale/049rf94u5yr271.jpeg');insert into sale_media (sale_id, media) values (166, 'images/sale/049rf94u5yr272.jpeg');insert into sale (sale_id, title, province, district, city, price, land_area, description, cover_photo, user_id, type_id, address) values (167, 'Selling a land ', 'Northern', 'Mullativu', 'Mullativu', 32980000, 97, 'Reprehenderit magna anim occaecat. Ad nostrud deserunt sint elit magna magna. Ad sed aliquip id veniam. Id qui amet in ut laboris, commodo aliqua laboris aute adipiscing ad proident id. In ex labore laboris velit minim veniam nostrud, exercitation adipiscing duis voluptate. Veniam eiusmod elit do cillum. Non duis sit dolore nisi officia ullamco nostrud. Qui aliqua pariatur anim quis cillum quis nostrud, quis elit veniam amet quis sint. Ut occaecat id aliquip aliquip irure exercitation qui. Nisi voluptate duis proident pariatur labore, pariatur adipiscing excepteur sint nulla laborum.', 'images/sale/049rf94u5yr273.png', 5, 1, '2 lane, amet, Mullativu');insert into sale_phone (sale_id, phone) values (167, '0548670497');insert into sale_media (sale_id, media) values (167, 'images/sale/049rf94u5yr274.jpeg');insert into sale_media (sale_id, media) values (167, 'images/sale/049rf94u5yr275.jpg');insert into sale_media (sale_id, media) values (167, 'images/sale/049rf94u5yr276.jpeg');insert into sale (sale_id, title, province, district, city, price, land_area, description, cover_photo, user_id, type_id, address) values (168, 'Land for sale close to Mullativu ', 'Northern', 'Mullativu', 'Mullativu', 4440000, 10, 'Labore non esse aliqua consectetur nulla amet. Qui aute nulla quis sint officia nisi cillum, deserunt eu aliqua nisi. Ea ullamco in nulla elit consectetur nostrud enim. Duis nisi nulla sunt incididunt lorem. Sunt aute consectetur dolor veniam consectetur dolor consequat, velit fugiat aliqua proident reprehenderit, anim pariatur sit officia. Anim anim ut culpa nisi ea esse, aliqua cillum qui nulla laboris sit lorem irure. Ut commodo adipiscing sed aliquip proident. Commodo ea in velit adipiscing aliquip qui sit.', 'images/sale/049rf94u5yr277.jpeg', 6, 1, '1 lane, duis, Mullativu');insert into sale_phone (sale_id, phone) values (168, '0918250412');insert into sale_phone (sale_id, phone) values (168, '0607417526');insert into sale_phone (sale_id, phone) values (168, '0504373097');insert into sale_phone (sale_id, phone) values (168, '0132999933');insert into sale_media (sale_id, media) values (168, 'images/sale/049rf94u5yr278.png');insert into sale (sale_id, title, province, district, city, price, land_area, description, cover_photo, user_id, type_id, address) values (169, 'Land for sale close to Kegalle ', 'Sabaragamuwa', 'Kegalle', 'Kegalle', 65730000, 70, 'Ex labore id incididunt velit elit mollit ut. Aliquip ex aliquip officia magna. Est do culpa non anim officia. In labore magna fugiat quis commodo adipiscing pariatur, sint quis et fugiat sunt lorem occaecat. Anim enim aute laborum laborum enim mollit. Laboris do laboris sint aliqua aliquip anim non. Do magna tempor aliquip fugiat. Magna exercitation do elit, ad incididunt culpa eiusmod.', 'images/sale/049rf94u5yr279.jpeg', 1, 3, '1 lane, exercitation, Kegalle');insert into sale_phone (sale_id, phone) values (169, '0744500875');insert into sale_phone (sale_id, phone) values (169, '0239957425');insert into sale_media (sale_id, media) values (169, 'images/sale/049rf94u5yr280.jfif');insert into sale_media (sale_id, media) values (169, 'images/sale/049rf94u5yr281.jpeg');insert into sale_media (sale_id, media) values (169, 'images/sale/049rf94u5yr282.jpg');insert into sale (sale_id, title, province, district, city, price, land_area, description, cover_photo, user_id, type_id, address) values (170, 'Selling a land within 48 km Kurunegala ', 'NorthWestern', 'Kurunegala', 'Kurunegala', 14652000, 22, 'Voluptate deserunt consectetur sed incididunt. Consequat ut commodo velit esse veniam ex. Irure sed irure deserunt, aute enim ipsum voluptate sint ut. Qui ex cupidatat cillum. Nisi adipiscing elit reprehenderit cillum sunt consequat nisi. Nulla ex nulla anim voluptate laborum anim. Voluptate irure ipsum irure fugiat amet. Quis ut ea deserunt dolore sunt proident. Consectetur in veniam est.', 'images/sale/049rf94u5yr283.jpg', 4, 3, '7 lane, deserunt, Kurunegala');insert into sale_phone (sale_id, phone) values (170, '0267529218');insert into sale_phone (sale_id, phone) values (170, '0648155484');insert into sale_phone (sale_id, phone) values (170, '0868900877');insert into sale_phone (sale_id, phone) values (170, '0811732415');insert into sale_phone (sale_id, phone) values (170, '0593243109');insert into sale_media (sale_id, media) values (170, 'images/sale/049rf94u5yr284.jpg');insert into sale_media (sale_id, media) values (170, 'images/sale/049rf94u5yr285.jpeg');insert into sale_media (sale_id, media) values (170, 'images/sale/049rf94u5yr286.jpeg');insert into sale (sale_id, title, province, district, city, price, land_area, description, cover_photo, user_id, type_id, address) values (171, 'Land sale ', 'NorthCentral', 'Anuradhapura', 'Anuradhapura', 14664000, 47, 'Veniam laborum aute aute nostrud, labore officia fugiat in cillum qui in. Magna enim quis irure ipsum, quis pariatur veniam non nostrud esse. Tempor est quis nisi nulla nisi ut. Adipiscing nostrud in officia excepteur sunt minim ad. Veniam fugiat ipsum laboris dolor, aliquip id commodo mollit laborum. Ut et eu labore. Consequat ipsum esse eiusmod. Officia ex fugiat lorem fugiat ullamco, non aliquip esse cillum excepteur ut ipsum. Lorem ullamco dolore enim.', 'images/sale/049rf94u5yr287.png', 10, 1, '7 lane, officia, Anuradhapura');insert into sale_phone (sale_id, phone) values (171, '0610296509');insert into sale_phone (sale_id, phone) values (171, '0926608358');insert into sale_phone (sale_id, phone) values (171, '0836807766');insert into sale_phone (sale_id, phone) values (171, '0605062735');insert into sale_phone (sale_id, phone) values (171, '0481552485');insert into sale_media (sale_id, media) values (171, 'images/sale/049rf94u5yr288.png');insert into sale_media (sale_id, media) values (171, 'images/sale/049rf94u5yr289.jpeg');insert into sale_media (sale_id, media) values (171, 'images/sale/049rf94u5yr290.jfif');insert into sale (sale_id, title, province, district, city, price, land_area, description, cover_photo, user_id, type_id, address) values (172, 'Land sale ', 'NorthCentral', 'Polonnaruwa', 'Polonnaruwa', 2640000, 12, 'Amet sit tempor adipiscing nostrud. Qui ipsum do qui. Sunt exercitation quis irure consectetur culpa pariatur irure. Consectetur exercitation dolor labore non. Fugiat consequat fugiat incididunt commodo do eiusmod, dolore do incididunt cupidatat. Consequat et sit sed. Adipiscing eu incididunt veniam elit mollit fugiat commodo. Culpa ex excepteur sint aute eu ut consectetur, officia minim exercitation nulla, dolor consectetur id ut fugiat.', 'images/sale/049rf94u5yr291.jpeg', 7, 3, '7 lane, officia, Polonnaruwa');insert into sale_phone (sale_id, phone) values (172, '0260259401');insert into sale_phone (sale_id, phone) values (172, '0174146220');insert into sale_phone (sale_id, phone) values (172, '0745721713');insert into sale_media (sale_id, media) values (172, 'images/sale/049rf94u5yr292.jpeg');insert into sale_media (sale_id, media) values (172, 'images/sale/049rf94u5yr293.jpg');insert into sale_media (sale_id, media) values (172, 'images/sale/049rf94u5yr294.jpeg');insert into sale_media (sale_id, media) values (172, 'images/sale/049rf94u5yr295.jpeg');insert into sale_media (sale_id, media) values (172, 'images/sale/049rf94u5yr296.jpeg');insert into sale (sale_id, title, province, district, city, price, land_area, description, cover_photo, user_id, type_id, address) values (173, 'Land sale ', 'Northern', 'Mullativu', 'Mullativu', 5568000, 16, 'Commodo aliquip lorem sed. Dolore quis officia consectetur enim commodo. Exercitation consequat culpa ut nulla, qui aliquip commodo do enim cillum. Voluptate minim est ex lorem exercitation occaecat, dolore fugiat exercitation et duis. Ipsum elit commodo sed. Veniam minim ad adipiscing nulla duis. Duis ea nisi cupidatat. Nisi culpa qui aliqua nisi eiusmod magna ea. Id nulla nulla irure culpa consequat sunt elit. Esse id tempor nisi sit, elit dolore reprehenderit nisi sunt adipiscing nulla.', 'images/sale/049rf94u5yr297.png', 4, 3, '3 lane, veniam, Mullativu');insert into sale_phone (sale_id, phone) values (173, '0946818890');insert into sale_media (sale_id, media) values (173, 'images/sale/049rf94u5yr298.jfif');insert into sale (sale_id, title, province, district, city, price, land_area, description, cover_photo, user_id, type_id, address) values (174, 'Land for sale close to Kaluthara ', 'Western', 'Kaluthara', 'Kaluthara', 11591000, 67, 'Non laboris mollit ad do eu. Aliquip commodo fugiat qui excepteur tempor est, excepteur exercitation elit nulla aute anim culpa culpa, eiusmod dolor esse veniam. Amet id ullamco culpa. Ut sed et qui sunt laborum sit fugiat. Eu deserunt adipiscing esse nisi nisi eu. Et quis enim officia proident ea voluptate, veniam consequat reprehenderit aliquip incididunt anim elit veniam, ex officia excepteur qui veniam voluptate lorem. Occaecat ad et nisi sed non magna, ex ex nisi tempor do lorem lorem mollit. Nisi mollit magna mollit cupidatat eiusmod, non eiusmod non velit quis velit.', 'images/sale/049rf94u5yr299.jpeg', 1, 2, '3 lane, proident, Kaluthara');insert into sale_phone (sale_id, phone) values (174, '0240160878');insert into sale_media (sale_id, media) values (174, 'images/sale/049rf94u5yr300.jpeg');insert into sale_media (sale_id, media) values (174, 'images/sale/049rf94u5yr301.jpeg');insert into sale_media (sale_id, media) values (174, 'images/sale/049rf94u5yr302.jfif');insert into sale_media (sale_id, media) values (174, 'images/sale/049rf94u5yr303.jpg');insert into sale (sale_id, title, province, district, city, price, land_area, description, cover_photo, user_id, type_id, address) values (175, 'Land sale in Vavuniya ', 'Northern', 'Vavuniya', 'Vavuniya', 8784000, 16, 'Laborum deserunt non amet dolore irure officia. Ipsum consequat fugiat occaecat duis dolor nulla, laborum est laborum nisi. Aute sit dolore anim est, exercitation ut enim amet. Officia et labore officia consequat mollit in ut, magna nostrud elit officia sit consectetur aliqua nulla. Id sint duis exercitation.', 'images/sale/049rf94u5yr304.jpg', 5, 2, '2 lane, sed, Vavuniya');insert into sale_phone (sale_id, phone) values (175, '0261069597');insert into sale_media (sale_id, media) values (175, 'images/sale/049rf94u5yr305.jfif');insert into sale_media (sale_id, media) values (175, 'images/sale/049rf94u5yr306.jpeg');insert into sale_media (sale_id, media) values (175, 'images/sale/049rf94u5yr307.jpeg');insert into sale_media (sale_id, media) values (175, 'images/sale/049rf94u5yr308.png');insert into sale_media (sale_id, media) values (175, 'images/sale/049rf94u5yr309.jfif');insert into sale (sale_id, title, province, district, city, price, land_area, description, cover_photo, user_id, type_id, address) values (176, 'Land for sale close to Puttalam ', 'NorthWestern', 'Puttalam', 'Puttalam', 32508000, 42, 'Ex labore culpa nostrud elit minim non ex. Officia consectetur magna adipiscing sint esse. Aliqua magna consequat pariatur culpa eiusmod proident et. Cupidatat adipiscing eu fugiat ex, fugiat id consectetur culpa ullamco fugiat. Nisi veniam id sit labore proident incididunt, culpa in dolore cupidatat nostrud reprehenderit dolor ad. Consequat sint dolor non, qui pariatur elit aute nisi elit nulla enim.', 'images/sale/049rf94u5yr310.jfif', 5, 3, '7 lane, mollit, Puttalam');insert into sale_phone (sale_id, phone) values (176, '0200352184');insert into sale_phone (sale_id, phone) values (176, '0648984744');insert into sale_phone (sale_id, phone) values (176, '0854573150');insert into sale_phone (sale_id, phone) values (176, '0450796325');insert into sale_phone (sale_id, phone) values (176, '0566034507');insert into sale_media (sale_id, media) values (176, 'images/sale/049rf94u5yr311.jpg');insert into sale_media (sale_id, media) values (176, 'images/sale/049rf94u5yr312.png');insert into sale_media (sale_id, media) values (176, 'images/sale/049rf94u5yr313.jpeg');insert into sale_media (sale_id, media) values (176, 'images/sale/049rf94u5yr314.jpg');insert into sale (sale_id, title, province, district, city, price, land_area, description, cover_photo, user_id, type_id, address) values (177, 'Land sale in Puttalam ', 'NorthWestern', 'Puttalam', 'Puttalam', 39061000, 67, 'Nulla reprehenderit magna veniam duis pariatur, sint ut do quis nostrud veniam quis eu. Ex sit dolor ea. Duis sunt sint pariatur voluptate mollit lorem. Commodo aute aliquip velit labore eu in. Aute dolor et pariatur ipsum sint dolor. Consequat culpa velit commodo ad in exercitation, est in lorem ad tempor minim minim, ut ad nulla quis. Et voluptate anim do velit et, id excepteur magna ipsum duis incididunt irure.', 'images/sale/049rf94u5yr315.jpeg', 10, 1, '9 lane, proident, Puttalam');insert into sale_phone (sale_id, phone) values (177, '0870035133');insert into sale_phone (sale_id, phone) values (177, '0318037917');insert into sale_phone (sale_id, phone) values (177, '0630099553');insert into sale_media (sale_id, media) values (177, 'images/sale/049rf94u5yr316.jpeg');insert into sale_media (sale_id, media) values (177, 'images/sale/049rf94u5yr317.jfif');insert into sale (sale_id, title, province, district, city, price, land_area, description, cover_photo, user_id, type_id, address) values (178, 'Land sale in Trincomalee ', 'Eastern', 'Trincomalee', 'Trincomalee', 10848000, 32, 'Nulla eiusmod dolore id, eu eu sint ea dolore dolore. Nulla cupidatat reprehenderit sint ad. Anim velit incididunt anim laborum dolor, quis incididunt consectetur irure veniam. Proident nulla proident adipiscing. Tempor et laborum ipsum. Aliqua consequat nostrud aute nisi amet. Deserunt nulla velit fugiat veniam. Quis do dolore velit pariatur laboris lorem. Laborum consectetur culpa exercitation fugiat. Ut magna duis sunt adipiscing amet.', 'images/sale/049rf94u5yr318.jfif', 3, 1, '1 lane, eiusmod, Trincomalee');insert into sale_phone (sale_id, phone) values (178, '0991477823');insert into sale_phone (sale_id, phone) values (178, '0732811156');insert into sale_media (sale_id, media) values (178, 'images/sale/049rf94u5yr319.png');insert into sale_media (sale_id, media) values (178, 'images/sale/049rf94u5yr320.jfif');insert into sale_media (sale_id, media) values (178, 'images/sale/049rf94u5yr321.jpg');insert into sale_media (sale_id, media) values (178, 'images/sale/049rf94u5yr322.jpeg');insert into sale_media (sale_id, media) values (178, 'images/sale/049rf94u5yr323.jfif');insert into sale (sale_id, title, province, district, city, price, land_area, description, cover_photo, user_id, type_id, address) values (179, 'Land for sale close to Polonnaruwa ', 'NorthCentral', 'Polonnaruwa', 'Polonnaruwa', 3211000, 19, 'Culpa dolore esse consequat, sit dolor nisi voluptate. Sed do cupidatat occaecat eiusmod commodo aliquip incididunt. Id tempor ut aliquip cupidatat incididunt pariatur. Elit cillum adipiscing excepteur laborum dolor laborum eu. Non non duis velit sed consectetur sed, dolor sint proident culpa tempor fugiat. Commodo occaecat commodo laborum.', 'images/sale/049rf94u5yr324.jpeg', 10, 3, '3 lane, non, Polonnaruwa');insert into sale_phone (sale_id, phone) values (179, '0940449494');insert into sale_phone (sale_id, phone) values (179, '0660671568');insert into sale_media (sale_id, media) values (179, 'images/sale/049rf94u5yr325.jpeg');insert into sale_media (sale_id, media) values (179, 'images/sale/049rf94u5yr326.jpeg');insert into sale_media (sale_id, media) values (179, 'images/sale/049rf94u5yr327.jpg');insert into sale_media (sale_id, media) values (179, 'images/sale/049rf94u5yr328.png');insert into sale (sale_id, title, province, district, city, price, land_area, description, cover_photo, user_id, type_id, address) values (180, 'Selling a land ', 'Central', 'Matale', 'Matale', 35754000, 59, 'Eiusmod aliquip incididunt aute amet consectetur irure amet. Incididunt non velit tempor non dolore labore qui. Aliquip qui ea reprehenderit reprehenderit minim sed, pariatur officia ex sunt id cillum sunt id, adipiscing id occaecat ad occaecat voluptate. Incididunt anim qui ipsum, sed excepteur cupidatat ipsum. Commodo lorem id sint qui et sunt eu. Et laborum in duis exercitation nostrud, et minim ad excepteur magna laborum excepteur. Anim minim do magna ad enim qui. Ipsum laboris nostrud voluptate, adipiscing exercitation aliqua labore velit consectetur.', 'images/sale/049rf94u5yr329.jpg', 6, 3, '10 lane, esse, Matale');insert into sale_phone (sale_id, phone) values (180, '0162286297');insert into sale_phone (sale_id, phone) values (180, '0791393038');insert into sale_phone (sale_id, phone) values (180, '0296304124');insert into sale_phone (sale_id, phone) values (180, '0239765395');insert into sale_media (sale_id, media) values (180, 'images/sale/049rf94u5yr330.jpg');insert into sale_media (sale_id, media) values (180, 'images/sale/049rf94u5yr331.jpeg');insert into sale (sale_id, title, province, district, city, price, land_area, description, cover_photo, user_id, type_id, address) values (181, 'Land sale close to Matale ', 'Central', 'Matale', 'Matale', 32770000, 58, 'Officia nostrud reprehenderit minim sunt sed incididunt. Dolor in fugiat enim nisi tempor. Sunt lorem consectetur reprehenderit tempor excepteur. Id pariatur eiusmod ex reprehenderit officia, sed ex excepteur id consectetur eu elit esse. Quis id aliqua irure cillum ut anim. Non sit pariatur id, incididunt magna nostrud aute velit labore amet lorem. Id consequat cupidatat dolore pariatur sit fugiat veniam, ex excepteur enim et duis enim exercitation. Deserunt ipsum duis commodo, reprehenderit eiusmod eiusmod ullamco ullamco minim, tempor aliquip cupidatat ad ad est pariatur do.', 'images/sale/049rf94u5yr332.jfif', 8, 1, '2 lane, enim, Matale');insert into sale_phone (sale_id, phone) values (181, '0462135120');insert into sale_media (sale_id, media) values (181, 'images/sale/049rf94u5yr333.jpeg');insert into sale_media (sale_id, media) values (181, 'images/sale/049rf94u5yr334.jfif');insert into sale_media (sale_id, media) values (181, 'images/sale/049rf94u5yr335.jpg');insert into sale_media (sale_id, media) values (181, 'images/sale/049rf94u5yr336.jfif');insert into sale_media (sale_id, media) values (181, 'images/sale/049rf94u5yr337.jpeg');insert into sale (sale_id, title, province, district, city, price, land_area, description, cover_photo, user_id, type_id, address) values (182, 'Selling a land ', 'Uva', 'Monaragala', 'Monaragala', 47031000, 61, 'Do cupidatat ullamco enim. Incididunt nulla mollit enim consequat commodo ipsum minim. Dolor ullamco dolore do cupidatat reprehenderit duis exercitation, cillum labore non officia labore qui ipsum nisi. Eu in ad aliquip reprehenderit esse. Mollit officia elit laborum culpa aliquip, excepteur cillum sint esse. Id aliqua ad consequat proident velit, mollit elit cupidatat anim culpa non. Cupidatat commodo non irure lorem aliquip. Incididunt consequat ullamco aliqua et in anim lorem.', 'images/sale/049rf94u5yr338.jpeg', 5, 3, '7 lane, tempor, Monaragala');insert into sale_phone (sale_id, phone) values (182, '0215938204');insert into sale_phone (sale_id, phone) values (182, '0717777438');insert into sale_media (sale_id, media) values (182, 'images/sale/049rf94u5yr339.jpeg');insert into sale (sale_id, title, province, district, city, price, land_area, description, cover_photo, user_id, type_id, address) values (183, 'Land for sale within 41 km Rathnapura ', 'Sabaragamuwa', 'Rathnapura', 'Rathnapura', 6372000, 54, 'Sit veniam sed aute irure, non qui ipsum aliqua reprehenderit officia fugiat nostrud. Voluptate sed cupidatat cillum reprehenderit irure excepteur. Mollit lorem cillum nisi dolore pariatur sunt occaecat. Voluptate aliqua aliqua elit reprehenderit ullamco reprehenderit excepteur. Voluptate enim quis sit tempor qui. Mollit sed aliquip minim laborum officia fugiat. Sunt sint occaecat labore. Sint dolor velit nulla ipsum fugiat in ullamco.', 'images/sale/049rf94u5yr340.png', 8, 3, '6 lane, ipsum, Rathnapura');insert into sale_phone (sale_id, phone) values (183, '0833975817');insert into sale_phone (sale_id, phone) values (183, '0237510282');insert into sale_phone (sale_id, phone) values (183, '0236544286');insert into sale_phone (sale_id, phone) values (183, '0931421326');insert into sale_media (sale_id, media) values (183, 'images/sale/049rf94u5yr341.jpeg');insert into sale_media (sale_id, media) values (183, 'images/sale/049rf94u5yr342.jpeg');insert into sale (sale_id, title, province, district, city, price, land_area, description, cover_photo, user_id, type_id, address) values (184, 'Land for sale close to Anuradhapura ', 'NorthCentral', 'Anuradhapura', 'Anuradhapura', 53040000, 78, 'Non reprehenderit veniam minim labore aliquip mollit consectetur, consectetur ex do enim incididunt do velit. Deserunt exercitation reprehenderit sed aliqua eu. Incididunt do quis non. Mollit excepteur est laboris esse. Deserunt ea sed ullamco sed in consequat reprehenderit, ad excepteur elit dolore eu, dolor aliquip sint amet mollit. Magna officia excepteur aliqua ea, pariatur lorem amet consectetur aliqua. Anim amet sit commodo magna exercitation. Laboris ad nostrud lorem officia mollit nisi eu. Qui incididunt tempor ea, sunt ex est ullamco ipsum. Nostrud fugiat nisi aute laborum.', 'images/sale/049rf94u5yr343.jpeg', 6, 3, '6 lane, elit, Anuradhapura');insert into sale_phone (sale_id, phone) values (184, '0930328682');insert into sale_phone (sale_id, phone) values (184, '0675981285');insert into sale_phone (sale_id, phone) values (184, '0814109614');insert into sale_phone (sale_id, phone) values (184, '0285315852');insert into sale_media (sale_id, media) values (184, 'images/sale/049rf94u5yr344.png');insert into sale_media (sale_id, media) values (184, 'images/sale/049rf94u5yr345.jpeg');insert into sale_media (sale_id, media) values (184, 'images/sale/049rf94u5yr346.jfif');insert into sale (sale_id, title, province, district, city, price, land_area, description, cover_photo, user_id, type_id, address) values (185, 'Land for sale within 26 km Trincomalee ', 'Eastern', 'Trincomalee', 'Trincomalee', 6630000, 85, 'Sed dolor aliquip magna laborum veniam. Ullamco amet voluptate sint, non irure veniam velit in qui veniam. Sit ipsum tempor occaecat ad aliquip, laboris aliqua reprehenderit fugiat nulla officia elit ea, dolor lorem duis magna laborum commodo fugiat. Aliqua pariatur eu et. Labore reprehenderit et voluptate reprehenderit mollit enim, esse irure eiusmod duis nostrud consequat. Dolor non ipsum laboris cupidatat, deserunt reprehenderit culpa laborum est voluptate sunt labore. Non ea do enim proident. Nostrud voluptate et aliquip eiusmod dolore. Occaecat in pariatur laboris incididunt qui.', 'images/sale/049rf94u5yr347.jpeg', 1, 2, '5 lane, mollit, Trincomalee');insert into sale_phone (sale_id, phone) values (185, '0566048045');insert into sale_phone (sale_id, phone) values (185, '0477964686');insert into sale_phone (sale_id, phone) values (185, '0402438083');insert into sale_media (sale_id, media) values (185, 'images/sale/049rf94u5yr348.jpeg');insert into sale_media (sale_id, media) values (185, 'images/sale/049rf94u5yr349.jpeg');insert into sale_media (sale_id, media) values (185, 'images/sale/049rf94u5yr350.jpeg');insert into sale_media (sale_id, media) values (185, 'images/sale/049rf94u5yr351.jpg');insert into sale_media (sale_id, media) values (185, 'images/sale/049rf94u5yr352.jpeg');insert into sale (sale_id, title, province, district, city, price, land_area, description, cover_photo, user_id, type_id, address) values (186, 'Land sale close to Hambanthota ', 'Southern', 'Hambanthota', 'Hambanthota', 13080000, 24, 'Anim minim cillum est reprehenderit. Et mollit do tempor sed veniam. Incididunt nostrud culpa tempor consequat fugiat aliquip, fugiat eu id dolor. Elit velit aute incididunt ipsum. Sint voluptate elit do incididunt, laboris lorem tempor minim laborum proident duis. Ut ea mollit dolor ex deserunt cillum duis. Duis consequat ad esse duis, occaecat ea fugiat incididunt quis officia deserunt sed, quis cupidatat ex laborum. Commodo proident sint dolor labore ea deserunt, elit occaecat consequat fugiat nulla.', 'images/sale/049rf94u5yr353.jpeg', 2, 2, '9 lane, ad, Hambanthota');insert into sale_phone (sale_id, phone) values (186, '0201510249');insert into sale_media (sale_id, media) values (186, 'images/sale/049rf94u5yr354.png');insert into sale_media (sale_id, media) values (186, 'images/sale/049rf94u5yr355.jfif');insert into sale_media (sale_id, media) values (186, 'images/sale/049rf94u5yr356.jpeg');insert into sale (sale_id, title, province, district, city, price, land_area, description, cover_photo, user_id, type_id, address) values (187, 'Land for sale ', 'NorthCentral', 'Anuradhapura', 'Anuradhapura', 11573000, 71, 'Commodo eiusmod enim duis laboris occaecat, tempor sint eiusmod dolor laborum fugiat. Id et enim non lorem non. Aliqua eu deserunt labore id, mollit cupidatat aliqua est qui elit, qui esse mollit excepteur eu. Nostrud enim id sit eu aliquip nostrud aliqua. Non nostrud laborum incididunt culpa, ex non occaecat nostrud. Duis consequat excepteur nulla veniam consequat adipiscing. Cupidatat culpa anim eiusmod.', 'images/sale/049rf94u5yr357.jpeg', 4, 1, '9 lane, non, Anuradhapura');insert into sale_phone (sale_id, phone) values (187, '0244647481');insert into sale_phone (sale_id, phone) values (187, '0529108988');insert into sale_phone (sale_id, phone) values (187, '0861538201');insert into sale_media (sale_id, media) values (187, 'images/sale/049rf94u5yr358.jpeg');insert into sale_media (sale_id, media) values (187, 'images/sale/049rf94u5yr359.png');insert into sale_media (sale_id, media) values (187, 'images/sale/049rf94u5yr360.jpg');insert into sale_media (sale_id, media) values (187, 'images/sale/049rf94u5yr361.jpeg');insert into sale_media (sale_id, media) values (187, 'images/sale/049rf94u5yr362.jpeg');insert into sale (sale_id, title, province, district, city, price, land_area, description, cover_photo, user_id, type_id, address) values (188, 'Selling a land within 40 km Hambanthota ', 'Southern', 'Hambanthota', 'Hambanthota', 40015000, 53, 'Pariatur incididunt eu cillum aliqua ut duis. Minim adipiscing elit labore est dolor do ut, tempor ad laboris ullamco amet tempor. Ullamco laborum reprehenderit aliqua. Sed veniam excepteur consequat dolore ex sit sed. Incididunt pariatur nulla reprehenderit officia elit proident veniam. Voluptate laboris enim minim ut laborum id minim, eiusmod duis sunt aute sint incididunt sint.', 'images/sale/049rf94u5yr363.jfif', 7, 2, '9 lane, eu, Hambanthota');insert into sale_phone (sale_id, phone) values (188, '0102331378');insert into sale_phone (sale_id, phone) values (188, '0548919230');insert into sale_phone (sale_id, phone) values (188, '0860762201');insert into sale_media (sale_id, media) values (188, 'images/sale/049rf94u5yr364.jpeg');insert into sale_media (sale_id, media) values (188, 'images/sale/049rf94u5yr365.jfif');insert into sale_media (sale_id, media) values (188, 'images/sale/049rf94u5yr366.jpeg');insert into sale_media (sale_id, media) values (188, 'images/sale/049rf94u5yr367.jpeg');insert into sale (sale_id, title, province, district, city, price, land_area, description, cover_photo, user_id, type_id, address) values (189, 'Selling a land in Gampaha ', 'Western', 'Gampaha', 'Gampaha', 18942000, 41, 'In anim est tempor laborum occaecat. Sunt ut irure reprehenderit sint, id irure laboris excepteur minim. Cupidatat nostrud elit elit velit nulla, anim irure anim cillum. In eiusmod adipiscing exercitation, lorem nulla minim proident quis. Sunt culpa aliqua anim reprehenderit. Non anim culpa tempor laborum ullamco.', 'images/sale/049rf94u5yr368.jpeg', 7, 1, '1 lane, velit, Gampaha');insert into sale_phone (sale_id, phone) values (189, '0250921153');insert into sale_phone (sale_id, phone) values (189, '0292535415');insert into sale_phone (sale_id, phone) values (189, '0973196743');insert into sale_phone (sale_id, phone) values (189, '0897630054');insert into sale_media (sale_id, media) values (189, 'images/sale/049rf94u5yr369.png');insert into sale_media (sale_id, media) values (189, 'images/sale/049rf94u5yr370.jpg');insert into sale_media (sale_id, media) values (189, 'images/sale/049rf94u5yr371.jpeg');insert into sale_media (sale_id, media) values (189, 'images/sale/049rf94u5yr372.jpeg');insert into sale_media (sale_id, media) values (189, 'images/sale/049rf94u5yr373.jpeg');insert into sale (sale_id, title, province, district, city, price, land_area, description, cover_photo, user_id, type_id, address) values (190, 'Land for sale in Galle ', 'Southern', 'Galle', 'Galle', 42226000, 43, 'Consectetur enim adipiscing id lorem. Dolore sit fugiat ea, in mollit sint exercitation ex nostrud sint excepteur, qui enim aliqua do laborum veniam mollit sit. Amet sed mollit aliqua. Culpa eu sint officia sint, culpa cillum labore nulla officia aute ut. Aliqua pariatur sunt pariatur aliquip deserunt. Excepteur velit do lorem ullamco reprehenderit. Velit voluptate consequat ut ex commodo id quis. Nulla dolor deserunt in non.', 'images/sale/049rf94u5yr374.jpg', 4, 2, '5 lane, consectetur, Galle');insert into sale_phone (sale_id, phone) values (190, '0454779701');insert into sale_phone (sale_id, phone) values (190, '0821882821');insert into sale_phone (sale_id, phone) values (190, '0494856500');insert into sale_phone (sale_id, phone) values (190, '0669436142');insert into sale_phone (sale_id, phone) values (190, '0803104654');insert into sale_media (sale_id, media) values (190, 'images/sale/049rf94u5yr375.jpeg');insert into sale_media (sale_id, media) values (190, 'images/sale/049rf94u5yr376.jfif');insert into sale_media (sale_id, media) values (190, 'images/sale/049rf94u5yr377.jpg');insert into sale_media (sale_id, media) values (190, 'images/sale/049rf94u5yr378.jpeg');insert into sale_media (sale_id, media) values (190, 'images/sale/049rf94u5yr379.jpg');insert into sale (sale_id, title, province, district, city, price, land_area, description, cover_photo, user_id, type_id, address) values (191, 'Land for sale ', 'Eastern', 'Batticaloa', 'Batticaloa', 37275000, 75, 'Labore ea consectetur non duis veniam duis cupidatat. Et minim esse consequat. Amet tempor consectetur elit nisi et. Quis reprehenderit sed magna magna. Adipiscing aute occaecat laboris exercitation aliqua. Adipiscing laboris nulla consectetur nulla. Esse consequat aliqua commodo cupidatat dolor, esse incididunt occaecat excepteur. Amet mollit elit fugiat deserunt quis dolore occaecat. Dolor enim ex sit, ipsum duis sint consectetur sunt nostrud fugiat nulla.', 'images/sale/049rf94u5yr380.jpg', 4, 2, '9 lane, proident, Batticaloa');insert into sale_phone (sale_id, phone) values (191, '0114023867');insert into sale_phone (sale_id, phone) values (191, '0450318479');insert into sale_phone (sale_id, phone) values (191, '0882642089');insert into sale_phone (sale_id, phone) values (191, '0278045093');insert into sale_phone (sale_id, phone) values (191, '0100710992');insert into sale_media (sale_id, media) values (191, 'images/sale/049rf94u5yr381.jfif');insert into sale_media (sale_id, media) values (191, 'images/sale/049rf94u5yr382.jfif');insert into sale (sale_id, title, province, district, city, price, land_area, description, cover_photo, user_id, type_id, address) values (192, 'Selling a land ', 'Central', 'NuwaraEliya', 'NuwaraEliya', 6120000, 36, 'Do culpa enim lorem tempor excepteur cillum sunt. Laborum eiusmod velit magna sed nostrud, do aliquip non quis minim eu deserunt tempor. Officia eu quis excepteur dolor nulla duis tempor. Aliquip sint dolor magna nostrud sed. Anim laborum eu do ipsum adipiscing mollit nulla. Id culpa tempor ex incididunt, ea ad dolor incididunt proident amet proident. Eu incididunt pariatur minim. Ipsum velit eiusmod occaecat laboris ad cupidatat commodo, deserunt magna laboris anim pariatur, eu adipiscing aliqua eu eu enim.', 'images/sale/049rf94u5yr383.jpeg', 8, 1, '2 lane, nisi, NuwaraEliya');insert into sale_phone (sale_id, phone) values (192, '0675795305');insert into sale_phone (sale_id, phone) values (192, '0649371242');insert into sale_phone (sale_id, phone) values (192, '0540293761');insert into sale_phone (sale_id, phone) values (192, '0957893812');insert into sale_phone (sale_id, phone) values (192, '0353947544');insert into sale_media (sale_id, media) values (192, 'images/sale/049rf94u5yr384.jpeg');insert into sale_media (sale_id, media) values (192, 'images/sale/049rf94u5yr385.jfif');insert into sale_media (sale_id, media) values (192, 'images/sale/049rf94u5yr386.jpeg');insert into sale_media (sale_id, media) values (192, 'images/sale/049rf94u5yr387.jpeg');insert into sale_media (sale_id, media) values (192, 'images/sale/049rf94u5yr388.jpeg');insert into sale (sale_id, title, province, district, city, price, land_area, description, cover_photo, user_id, type_id, address) values (193, 'Selling a land ', 'Northern', 'Mannar', 'Mannar', 14868000, 28, 'Adipiscing adipiscing culpa labore enim in minim nostrud. Elit eu in duis pariatur. Occaecat ullamco est laboris laborum culpa. Ullamco laboris et est occaecat proident officia, ex laboris deserunt excepteur. Id quis enim ut. Aliqua id laborum pariatur commodo adipiscing. Magna commodo occaecat incididunt commodo et. Occaecat incididunt ipsum aute incididunt ex, culpa elit nulla labore eiusmod adipiscing consectetur, eiusmod cupidatat mollit proident. Labore qui consectetur sint laborum anim. Commodo reprehenderit minim nisi ipsum laboris.', 'images/sale/049rf94u5yr389.jfif', 8, 3, '5 lane, minim, Mannar');insert into sale_phone (sale_id, phone) values (193, '0821189645');insert into sale_phone (sale_id, phone) values (193, '0765182325');insert into sale_media (sale_id, media) values (193, 'images/sale/049rf94u5yr390.jfif');insert into sale_media (sale_id, media) values (193, 'images/sale/049rf94u5yr391.jpeg');insert into sale_media (sale_id, media) values (193, 'images/sale/049rf94u5yr392.jpeg');insert into sale_media (sale_id, media) values (193, 'images/sale/049rf94u5yr393.jpeg');insert into sale_media (sale_id, media) values (193, 'images/sale/049rf94u5yr394.jpeg');insert into sale (sale_id, title, province, district, city, price, land_area, description, cover_photo, user_id, type_id, address) values (194, 'Selling a land within 41 km Mathara ', 'Southern', 'Mathara', 'Mathara', 16172000, 52, 'Minim fugiat commodo ad occaecat. Exercitation veniam ullamco officia quis labore laborum, aute dolor ut qui anim pariatur irure nisi. Deserunt laboris minim laborum sed sit exercitation sit. Consectetur incididunt incididunt velit cillum esse. Ea lorem elit quis nulla. Labore occaecat duis enim sunt.', 'images/sale/049rf94u5yr395.png', 8, 1, '10 lane, reprehenderit, Mathara');insert into sale_phone (sale_id, phone) values (194, '0927405285');insert into sale_phone (sale_id, phone) values (194, '0864380373');insert into sale_phone (sale_id, phone) values (194, '0947603607');insert into sale_phone (sale_id, phone) values (194, '0460978384');insert into sale_media (sale_id, media) values (194, 'images/sale/049rf94u5yr396.jpeg');insert into sale_media (sale_id, media) values (194, 'images/sale/049rf94u5yr397.jpeg');insert into sale_media (sale_id, media) values (194, 'images/sale/049rf94u5yr398.jpeg');insert into sale_media (sale_id, media) values (194, 'images/sale/049rf94u5yr399.png');insert into sale (sale_id, title, province, district, city, price, land_area, description, cover_photo, user_id, type_id, address) values (195, 'Land for sale ', 'Southern', 'Mathara', 'Mathara', 13872000, 68, 'Ea excepteur nostrud id dolore reprehenderit. Reprehenderit consequat duis incididunt laborum voluptate pariatur, nulla ea officia aliquip. Aliqua aliquip exercitation excepteur occaecat magna, ut enim ea ut magna. Esse laboris nisi nulla irure minim in proident, mollit fugiat commodo ut pariatur proident quis excepteur. Proident mollit dolore velit amet reprehenderit exercitation. Amet exercitation aliquip sint ea. Culpa et aute labore ipsum nulla dolor aute, ea aliqua labore occaecat qui. Nisi dolore irure occaecat consequat culpa ullamco amet. Irure enim ipsum aute nisi, dolor labore esse dolor labore esse id dolore, aliquip sed ut nostrud laboris mollit laboris. Incididunt lorem occaecat ut nulla eu.', 'images/sale/049rf94u5yr400.jpeg', 5, 2, '8 lane, nulla, Mathara');insert into sale_phone (sale_id, phone) values (195, '0239113731');insert into sale_phone (sale_id, phone) values (195, '0490291797');insert into sale_phone (sale_id, phone) values (195, '0453558333');insert into sale_media (sale_id, media) values (195, 'images/sale/049rf94u5yr401.jpeg');insert into sale_media (sale_id, media) values (195, 'images/sale/049rf94u5yr402.png');insert into sale_media (sale_id, media) values (195, 'images/sale/049rf94u5yr403.jpeg');insert into sale_media (sale_id, media) values (195, 'images/sale/049rf94u5yr404.jpeg');insert into sale_media (sale_id, media) values (195, 'images/sale/049rf94u5yr405.jfif');insert into sale (sale_id, title, province, district, city, price, land_area, description, cover_photo, user_id, type_id, address) values (196, 'Selling a land ', 'Central', 'NuwaraEliya', 'NuwaraEliya', 14364000, 38, 'Tempor sed tempor esse cupidatat deserunt culpa eu. Aute tempor eu ut anim ipsum quis officia. Enim aute minim laborum, sint sunt sunt consectetur lorem lorem aute. Commodo adipiscing sed ullamco laboris do incididunt, sunt adipiscing aliquip minim incididunt ex pariatur, adipiscing reprehenderit nostrud ipsum mollit. Voluptate do consectetur excepteur irure ut sit. Laboris adipiscing officia elit aliquip consequat. Aute eu nulla elit eu sed consequat laborum. Dolor sunt ea ullamco ullamco deserunt. Qui irure nostrud pariatur aute reprehenderit dolore.', 'images/sale/049rf94u5yr406.jpeg', 7, 1, '10 lane, aliquip, NuwaraEliya');insert into sale_phone (sale_id, phone) values (196, '0107035695');insert into sale_phone (sale_id, phone) values (196, '0802698356');insert into sale_phone (sale_id, phone) values (196, '0456634447');insert into sale_phone (sale_id, phone) values (196, '0209049587');insert into sale_media (sale_id, media) values (196, 'images/sale/049rf94u5yr407.jfif');insert into sale_media (sale_id, media) values (196, 'images/sale/049rf94u5yr408.jpeg');insert into sale_media (sale_id, media) values (196, 'images/sale/049rf94u5yr409.jfif');insert into sale_media (sale_id, media) values (196, 'images/sale/049rf94u5yr410.jpeg');insert into sale (sale_id, title, province, district, city, price, land_area, description, cover_photo, user_id, type_id, address) values (197, 'Land for sale ', 'Southern', 'Mathara', 'Mathara', 25088000, 98, 'Laborum in velit exercitation. Dolor minim quis pariatur mollit exercitation irure occaecat, cupidatat nostrud occaecat duis, voluptate reprehenderit consequat deserunt qui non ipsum fugiat. Adipiscing exercitation ipsum adipiscing laborum ad. Aliquip qui eiusmod in aliquip eiusmod et, duis reprehenderit magna culpa mollit nisi ullamco cupidatat. Est ullamco adipiscing non est amet sunt veniam. Anim consectetur lorem reprehenderit velit. Proident officia minim sint non occaecat est. Pariatur commodo adipiscing deserunt deserunt culpa, laboris duis dolor ea ut sed, ipsum aute incididunt sit labore culpa nostrud.', 'images/sale/049rf94u5yr411.jpeg', 3, 1, '6 lane, quis, Mathara');insert into sale_phone (sale_id, phone) values (197, '0184376577');insert into sale_phone (sale_id, phone) values (197, '0761021721');insert into sale_media (sale_id, media) values (197, 'images/sale/049rf94u5yr412.png');insert into sale_media (sale_id, media) values (197, 'images/sale/049rf94u5yr413.jpeg');insert into sale_media (sale_id, media) values (197, 'images/sale/049rf94u5yr414.jpg');insert into sale_media (sale_id, media) values (197, 'images/sale/049rf94u5yr415.jfif');insert into sale_media (sale_id, media) values (197, 'images/sale/049rf94u5yr416.jfif');insert into sale (sale_id, title, province, district, city, price, land_area, description, cover_photo, user_id, type_id, address) values (198, 'Land for sale close to Kurunegala ', 'NorthWestern', 'Kurunegala', 'Kurunegala', 16698000, 22, 'Elit veniam aliquip cupidatat exercitation. In deserunt occaecat nisi amet adipiscing cillum voluptate. Dolor cupidatat ex dolor cupidatat incididunt dolor culpa. Velit tempor consequat esse. Qui pariatur labore enim fugiat, aliqua eu deserunt fugiat. Mollit ipsum quis dolore reprehenderit eu mollit, enim aute irure aliqua cupidatat pariatur proident.', 'images/sale/049rf94u5yr417.jfif', 9, 3, '8 lane, reprehenderit, Kurunegala');insert into sale_phone (sale_id, phone) values (198, '0482622845');insert into sale_phone (sale_id, phone) values (198, '0491104975');insert into sale_phone (sale_id, phone) values (198, '0740180756');insert into sale_phone (sale_id, phone) values (198, '0953766297');insert into sale_media (sale_id, media) values (198, 'images/sale/049rf94u5yr418.png');insert into sale_media (sale_id, media) values (198, 'images/sale/049rf94u5yr419.jpeg');insert into sale_media (sale_id, media) values (198, 'images/sale/049rf94u5yr420.jfif');insert into sale_media (sale_id, media) values (198, 'images/sale/049rf94u5yr421.jpeg');insert into sale_media (sale_id, media) values (198, 'images/sale/049rf94u5yr422.jpeg');insert into sale (sale_id, title, province, district, city, price, land_area, description, cover_photo, user_id, type_id, address) values (199, 'Land for sale within 13 km Matale ', 'Central', 'Matale', 'Matale', 69160000, 76, 'Ipsum labore exercitation lorem adipiscing id in ea. Lorem nisi veniam qui ipsum magna officia et, exercitation sint velit veniam nulla id non. Ea qui duis esse. Cillum qui id cupidatat. Adipiscing quis sint commodo ad deserunt elit labore. Quis ad cupidatat sunt qui. Reprehenderit magna ea incididunt officia culpa, fugiat ad pariatur velit deserunt et. Proident aute fugiat minim ex ex dolor sunt. Consequat duis sed aliqua reprehenderit eu officia, proident non nostrud aute adipiscing qui aute aute.', 'images/sale/049rf94u5yr423.jpg', 2, 1, '10 lane, enim, Matale');insert into sale_phone (sale_id, phone) values (199, '0255186948');insert into sale_phone (sale_id, phone) values (199, '0580760484');insert into sale_phone (sale_id, phone) values (199, '0178587710');insert into sale_media (sale_id, media) values (199, 'images/sale/049rf94u5yr424.jpeg');insert into sale_media (sale_id, media) values (199, 'images/sale/049rf94u5yr425.jpeg');insert into sale_media (sale_id, media) values (199, 'images/sale/049rf94u5yr426.jpg');insert into sale_media (sale_id, media) values (199, 'images/sale/049rf94u5yr427.jfif');insert into request (request_id, title, province, district, city, min_price, max_price, min_area, max_area, description, cover_photo, user_id, type_id) values (100, 'Requesting a land ', 'Uva', 'Badulla', 'Badulla', 27512000, 27495052, 49, 52, 'Enim in incididunt fugiat dolor ea labore. Elit ipsum consequat laboris proident aute anim, ut tempor ad consequat ad enim. Commodo officia consectetur ex velit labore. Fugiat pariatur ipsum culpa sit reprehenderit non. Ipsum anim commodo amet quis id consequat commodo. Ullamco incididunt sed occaecat tempor minim.', 'images/request/049rf94u5yr428.jpg', 10, 1);insert into request_phone (request_id, phone) values (100, '0887350222');insert into request_phone (request_id, phone) values (100, '0931352630');insert into request_phone (request_id, phone) values (100, '0779158153');insert into request_phone (request_id, phone) values (100, '0826822888');insert into request (request_id, title, province, district, city, min_price, max_price, min_area, max_area, description, cover_photo, user_id, type_id) values (101, 'Land needed within 36 km Batticaloa ', 'Eastern', 'Batticaloa', 'Batticaloa', 58900000, 58903877, 22, 21, 'Enim do enim velit amet dolore fugiat tempor. Amet nisi id proident do labore laborum. Ea consequat excepteur anim. Sint occaecat fugiat reprehenderit aliqua, ex mollit ex dolor aliquip id consequat ullamco. Magna et voluptate in. Id ex commodo sunt non fugiat. Dolor aliquip aliquip culpa consectetur, non amet qui cillum ipsum laborum aute incididunt.', 'images/request/049rf94u5yr429.png', 3, 3);insert into request_phone (request_id, phone) values (101, '0860874645');insert into request_phone (request_id, phone) values (101, '0280766278');insert into request (request_id, title, province, district, city, min_price, max_price, min_area, max_area, description, cover_photo, user_id, type_id) values (102, 'Land needed ', 'Sabaragamuwa', 'Kegalle', 'Kegalle', 41648000, 41645985, 78, 81, 'Voluptate magna labore mollit in est aliqua. Cupidatat enim in quis excepteur aliqua. Elit fugiat laborum nostrud commodo amet. Eiusmod ullamco quis do non. Nulla ad nulla cillum. Dolore aute ea reprehenderit veniam reprehenderit in culpa. Mollit ullamco nostrud nostrud lorem occaecat labore. Nostrud et laborum nisi incididunt eu qui. Aliqua proident ullamco minim laborum cupidatat laboris fugiat.', 'images/request/049rf94u5yr430.jpg', 8, 2);insert into request_phone (request_id, phone) values (102, '0720802467');insert into request_phone (request_id, phone) values (102, '0858488558');insert into request (request_id, title, province, district, city, min_price, max_price, min_area, max_area, description, cover_photo, user_id, type_id) values (103, 'Land needed in Matale ', 'Central', 'Matale', 'Matale', 22192000, 22191553, 70, 66, 'Nulla labore officia excepteur nisi magna amet ea. Do amet veniam cupidatat esse do. Cillum ut occaecat culpa in, do in qui mollit, cillum proident anim exercitation. Dolore eiusmod consequat laboris voluptate labore sint officia. Officia laboris aute culpa laboris ipsum excepteur, ea aliqua aute commodo eu. Consectetur excepteur magna sit irure elit. Cillum non culpa excepteur anim occaecat aute, irure reprehenderit elit mollit adipiscing nostrud cupidatat. Aliquip aliquip labore eu nisi aliquip eiusmod. Deserunt pariatur proident est lorem lorem nostrud. Enim pariatur dolor anim fugiat.', 'images/request/049rf94u5yr431.jfif', 4, 2);insert into request_phone (request_id, phone) values (103, '0825224841');insert into request_phone (request_id, phone) values (103, '0859757330');insert into request (request_id, title, province, district, city, min_price, max_price, min_area, max_area, description, cover_photo, user_id, type_id) values (104, 'Requesting a land ', 'Central', 'NuwaraEliya', 'NuwaraEliya', 35340000, 35370846, 45, 42, 'Exercitation nisi eu aliqua velit exercitation dolor ea. Consequat esse veniam reprehenderit proident in do. Quis esse incididunt anim. Ipsum ut aliquip sunt duis voluptate anim. Fugiat sint veniam eiusmod consectetur. Nostrud ut non laboris aliquip sit nisi. Labore voluptate pariatur sit. Occaecat et commodo reprehenderit, esse excepteur nulla reprehenderit cupidatat dolore aute non. Esse nisi amet ex laborum. Exercitation fugiat magna labore.', 'images/request/049rf94u5yr432.jfif', 1, 1);insert into request_phone (request_id, phone) values (104, '0444411070');insert into request (request_id, title, province, district, city, min_price, max_price, min_area, max_area, description, cover_photo, user_id, type_id) values (105, 'Land needed within 12 km Kurunegala ', 'NorthWestern', 'Kurunegala', 'Kurunegala', 56924000, 56875054, 37, 35, 'Cillum aute duis officia lorem sint duis, mollit elit exercitation magna consequat officia anim eu. Irure incididunt velit elit occaecat, consequat cillum culpa id eu, deserunt pariatur aliqua excepteur reprehenderit sunt. Dolor et eu culpa lorem, dolor exercitation velit tempor cillum, culpa dolore eu veniam sed. Consectetur cupidatat reprehenderit sunt ea, aute nostrud qui magna est nisi sunt consequat. Duis duis pariatur sunt sint ullamco, cillum fugiat esse enim laborum magna laborum. Excepteur ad laboris amet est aliquip aliquip. Exercitation consequat ad qui consectetur. Veniam aliquip pariatur irure nulla sunt officia, est excepteur deserunt quis quis exercitation dolore, consequat magna nostrud ut magna. Dolore consequat sint adipiscing quis mollit cupidatat, quis proident esse irure amet voluptate sint fugiat. Exercitation enim excepteur laborum qui incididunt in.', 'images/request/049rf94u5yr433.jpg', 1, 3);insert into request_phone (request_id, phone) values (105, '0483878285');insert into request_phone (request_id, phone) values (105, '0664437170');insert into request_phone (request_id, phone) values (105, '0637910264');insert into request_phone (request_id, phone) values (105, '0185053349');insert into request (request_id, title, province, district, city, min_price, max_price, min_area, max_area, description, cover_photo, user_id, type_id) values (106, 'Land request immediately', 'NorthWestern', 'Puttalam', 'Puttalam', 43472000, 43461574, 65, 61, 'Occaecat proident mollit ullamco in quis anim. Fugiat tempor aliquip anim nulla ullamco id, pariatur est eu est ex quis. Magna esse laborum duis est. Dolore irure reprehenderit velit voluptate, sint lorem quis adipiscing. Pariatur exercitation amet eiusmod aute mollit in. Dolore qui officia pariatur tempor sed cillum, sint sed nisi magna, anim incididunt magna ullamco dolor mollit. Sed ex in sunt officia, dolor laborum ex ullamco esse. Ex duis sit cillum ea. Amet sit ipsum ad velit enim, commodo dolore proident nisi cillum aliqua duis et.', 'images/request/049rf94u5yr434.png', 10, 1);insert into request_phone (request_id, phone) values (106, '0342407637');insert into request (request_id, title, province, district, city, min_price, max_price, min_area, max_area, description, cover_photo, user_id, type_id) values (107, 'Requesting a land in Mathara immediately', 'Southern', 'Mathara', 'Mathara', 49552000, 49566201, 99, 99, 'Eu eiusmod officia non ex voluptate velit. Cupidatat labore excepteur ullamco consectetur fugiat. Nisi fugiat elit minim ullamco. Ea sunt nostrud aute cupidatat aliqua. Anim veniam aliqua ea esse. Sed anim nisi sint dolore mollit amet occaecat.', 'images/request/049rf94u5yr435.png', 5, 2);insert into request_phone (request_id, phone) values (107, '0967246076');insert into request_phone (request_id, phone) values (107, '0249731321');insert into request_phone (request_id, phone) values (107, '0796772756');insert into request (request_id, title, province, district, city, min_price, max_price, min_area, max_area, description, cover_photo, user_id, type_id) values (108, 'Requesting a land ', 'Central', 'NuwaraEliya', 'NuwaraEliya', 73264000, 73298079, 61, 57, 'Dolore labore sed ullamco. Ut magna quis laboris consequat amet laboris reprehenderit. Ut pariatur dolor non tempor. Qui proident est nisi eu dolore in, sed culpa nisi aliquip qui ullamco. Dolore enim adipiscing aliqua eu anim laboris pariatur.', 'images/request/049rf94u5yr436.jfif', 4, 2);insert into request_phone (request_id, phone) values (108, '0946388912');insert into request_phone (request_id, phone) values (108, '0362901113');insert into request_phone (request_id, phone) values (108, '0572811522');insert into request (request_id, title, province, district, city, min_price, max_price, min_area, max_area, description, cover_photo, user_id, type_id) values (109, 'Land needed in Polonnaruwa ', 'NorthCentral', 'Polonnaruwa', 'Polonnaruwa', 19000000, 18991400, 15, 15, 'Enim reprehenderit ea mollit et anim duis. Deserunt aute aute minim aliqua eiusmod. Pariatur proident sed eiusmod. Tempor laboris ipsum sed amet nisi. Ullamco ipsum cillum ut aliquip lorem dolor. Aute voluptate dolore in tempor anim ipsum nulla, voluptate quis irure sit, qui fugiat ad commodo pariatur enim voluptate quis. Occaecat commodo ullamco nisi mollit amet id. Exercitation pariatur aliquip ipsum pariatur enim.', 'images/request/049rf94u5yr437.jpg', 6, 3);insert into request_phone (request_id, phone) values (109, '0774583720');insert into request_phone (request_id, phone) values (109, '0786063723');insert into request_phone (request_id, phone) values (109, '0229779511');insert into request_phone (request_id, phone) values (109, '0536102857');insert into request (request_id, title, province, district, city, min_price, max_price, min_area, max_area, description, cover_photo, user_id, type_id) values (110, 'Land needed within 46 km Polonnaruwa ', 'NorthCentral', 'Polonnaruwa', 'Polonnaruwa', 61104000, 61096381, 74, 77, 'Mollit magna ea ea pariatur lorem non, ut lorem magna quis cillum anim id occaecat, id sit amet quis ipsum. Officia fugiat elit nostrud sit incididunt. Irure in laborum consequat ad. Labore adipiscing ex ex proident incididunt mollit, exercitation exercitation consectetur laboris consequat voluptate reprehenderit, lorem adipiscing ullamco esse reprehenderit eu non adipiscing. Sunt do ea aliqua, culpa minim aliqua anim do. Nisi amet elit et nulla.', 'images/request/049rf94u5yr438.jfif', 6, 1);insert into request_phone (request_id, phone) values (110, '0928385329');insert into request_phone (request_id, phone) values (110, '0844351489');insert into request (request_id, title, province, district, city, min_price, max_price, min_area, max_area, description, cover_photo, user_id, type_id) values (111, 'Land request ', 'NorthCentral', 'Polonnaruwa', 'Polonnaruwa', 47880000, 47917480, 45, 46, 'Amet non dolore laboris ex ex proident, sed sed id laboris. Dolor qui proident incididunt ullamco aute. Amet tempor minim in ex sunt fugiat deserunt. Minim ullamco esse consequat nisi, cupidatat amet eu pariatur consequat culpa. Voluptate dolore velit incididunt anim occaecat pariatur velit. Ex nostrud aliqua lorem ex laborum. Nostrud non voluptate sed laborum, minim amet eu exercitation. Fugiat anim tempor non. Ea elit commodo voluptate, mollit voluptate magna aliquip eiusmod ullamco occaecat amet.', 'images/request/049rf94u5yr439.jpg', 10, 2);insert into request_phone (request_id, phone) values (111, '0432881628');insert into request (request_id, title, province, district, city, min_price, max_price, min_area, max_area, description, cover_photo, user_id, type_id) values (112, 'Land needed ', 'Central', 'NuwaraEliya', 'NuwaraEliya', 46664000, 46700009, 53, 55, 'Sunt anim eiusmod magna. Lorem aliquip deserunt voluptate consequat deserunt ad fugiat. Ex culpa laboris veniam ea tempor. Voluptate fugiat id laborum ullamco do. Elit ad occaecat laboris sint. In adipiscing ut ullamco. Proident eiusmod elit in deserunt ea eu, esse ea amet sed anim ex eu. Minim nisi et ut. Nisi nostrud laborum consequat aliquip nostrud, dolore aliqua non et irure ex.', 'images/request/049rf94u5yr440.jfif', 1, 2);insert into request_phone (request_id, phone) values (112, '0826223863');insert into request (request_id, title, province, district, city, min_price, max_price, min_area, max_area, description, cover_photo, user_id, type_id) values (113, 'Land request close to Trincomalee ', 'Eastern', 'Trincomalee', 'Trincomalee', 26448000, 26451454, 96, 95, 'Magna veniam est consequat. Exercitation esse eu duis, commodo qui aute qui, magna esse sed minim. Nostrud cupidatat in ut consectetur. Sunt non voluptate voluptate excepteur. Esse cillum consequat elit consectetur minim nisi. Laboris nostrud ipsum officia, ad anim adipiscing irure culpa tempor. Nostrud minim enim aute.', 'images/request/049rf94u5yr441.png', 2, 1);insert into request_phone (request_id, phone) values (113, '0841490820');insert into request_phone (request_id, phone) values (113, '0802274919');insert into request_phone (request_id, phone) values (113, '0685061354');insert into request_phone (request_id, phone) values (113, '0356712088');insert into request_phone (request_id, phone) values (113, '0246200989');insert into request (request_id, title, province, district, city, min_price, max_price, min_area, max_area, description, cover_photo, user_id, type_id) values (114, 'Requesting a land close to Trincomalee ', 'Eastern', 'Trincomalee', 'Trincomalee', 46892000, 46882683, 47, 43, 'Aute enim mollit aliqua, sunt amet voluptate consectetur irure. Esse et aliqua qui esse commodo. Enim et exercitation dolore, labore voluptate sint esse occaecat, voluptate anim veniam nisi occaecat. Laboris cillum dolore laboris proident magna deserunt nulla, in deserunt sunt est dolor laboris. Sunt cillum amet enim esse. Reprehenderit tempor ex proident ullamco do. Adipiscing aliquip nostrud reprehenderit ad minim excepteur.', 'images/request/049rf94u5yr442.jfif', 6, 2);insert into request_phone (request_id, phone) values (114, '0116551958');insert into request_phone (request_id, phone) values (114, '0559003791');insert into request_phone (request_id, phone) values (114, '0175752271');insert into request (request_id, title, province, district, city, min_price, max_price, min_area, max_area, description, cover_photo, user_id, type_id) values (115, 'Land request in Monaragala ', 'Uva', 'Monaragala', 'Monaragala', 38532000, 38557985, 15, 14, 'Sint nostrud mollit deserunt qui, minim aute amet mollit nostrud exercitation dolor. Id aliquip velit reprehenderit laborum. Id ut et amet, excepteur ullamco anim ea nulla. Labore fugiat sint culpa in anim. Tempor sint amet aliqua velit quis laboris.', 'images/request/049rf94u5yr443.jfif', 9, 1);insert into request_phone (request_id, phone) values (115, '0762223185');insert into request_phone (request_id, phone) values (115, '0814323994');insert into request_phone (request_id, phone) values (115, '0127935650');insert into request_phone (request_id, phone) values (115, '0989984992');insert into request (request_id, title, province, district, city, min_price, max_price, min_area, max_area, description, cover_photo, user_id, type_id) values (116, 'Land needed immediately', 'Uva', 'Badulla', 'Badulla', 38532000, 38550194, 23, 22, 'Lorem reprehenderit nostrud consequat consectetur. Est consectetur dolore excepteur in incididunt, magna nostrud ullamco ea quis esse esse. Fugiat ex do amet. Incididunt et dolore do occaecat. Laboris nostrud in eu irure et cupidatat, ut eu minim culpa irure aute et cupidatat. Laboris labore nulla proident sed deserunt dolore, enim eu sit non ad.', 'images/request/049rf94u5yr444.jfif', 10, 2);insert into request_phone (request_id, phone) values (116, '0142779610');insert into request_phone (request_id, phone) values (116, '0454521030');insert into request (request_id, title, province, district, city, min_price, max_price, min_area, max_area, description, cover_photo, user_id, type_id) values (117, 'Land needed close to Rathnapura ', 'Sabaragamuwa', 'Rathnapura', 'Rathnapura', 4332000, 4328249, 32, 32, 'Est culpa adipiscing sunt elit. Velit cupidatat culpa officia eu deserunt amet, reprehenderit anim mollit amet eu eiusmod. Sint aliquip est dolore reprehenderit duis, ex adipiscing sint sint sit exercitation. Consectetur excepteur enim nisi quis tempor. Labore lorem ad cillum eu, anim anim in anim. Ipsum officia laborum anim, nisi do adipiscing eu esse nulla. Duis quis ex magna id ullamco, irure occaecat sed ut. Veniam ut deserunt esse. Ut culpa aute enim.', 'images/request/049rf94u5yr445.jpg', 9, 3);insert into request_phone (request_id, phone) values (117, '0282301986');insert into request (request_id, title, province, district, city, min_price, max_price, min_area, max_area, description, cover_photo, user_id, type_id) values (118, 'Land needed close to Galle ', 'Southern', 'Galle', 'Galle', 36632000, 36623388, 54, 59, 'Aliqua velit consectetur proident quis ea. Ullamco do irure ex. Cillum aliqua adipiscing veniam ipsum id, dolore eu sed ea ut, qui et minim sint. Aliquip id sed tempor eu adipiscing exercitation. Sunt incididunt voluptate aliquip veniam consectetur ad occaecat, excepteur veniam eu ad. Sit nostrud consectetur fugiat nisi aliqua ut nisi, consectetur consectetur ex esse eiusmod cupidatat quis eiusmod. Nulla esse lorem nostrud et lorem qui, est mollit sint dolore laboris sed. Excepteur aliqua do ipsum ut proident pariatur sint.', 'images/request/049rf94u5yr446.jfif', 8, 2);insert into request_phone (request_id, phone) values (118, '0245771117');insert into request_phone (request_id, phone) values (118, '0272637722');insert into request_phone (request_id, phone) values (118, '0278568112');insert into request (request_id, title, province, district, city, min_price, max_price, min_area, max_area, description, cover_photo, user_id, type_id) values (119, 'Land request within 34 km Ampara immediately', 'Eastern', 'Ampara', 'Ampara', 60192000, 60228217, 69, 71, 'Aliqua pariatur voluptate est minim cillum velit nisi. Dolore lorem non esse minim. Cillum culpa ullamco fugiat. Est eiusmod sed est voluptate. Consequat eiusmod sunt ad eu incididunt culpa, ut non culpa pariatur reprehenderit dolore anim id. Eiusmod laborum cillum nostrud pariatur, duis sit elit labore, exercitation culpa exercitation ex in sint et eu. Enim enim est sunt aute velit, in qui incididunt eiusmod culpa qui. Excepteur proident do incididunt adipiscing amet. Laborum nisi ea culpa duis. Id et elit aute incididunt incididunt.', 'images/request/049rf94u5yr447.jfif', 1, 2);insert into request_phone (request_id, phone) values (119, '0403901200');insert into request_phone (request_id, phone) values (119, '0156360291');insert into request_phone (request_id, phone) values (119, '0991498843');insert into request_phone (request_id, phone) values (119, '0167292623');insert into request (request_id, title, province, district, city, min_price, max_price, min_area, max_area, description, cover_photo, user_id, type_id) values (120, 'Requesting a land in Mathara ', 'Southern', 'Mathara', 'Mathara', 20140000, 20120262, 65, 66, 'Ad incididunt quis anim esse cillum, non qui sunt do aliqua. Non id ut amet reprehenderit anim non fugiat, consectetur occaecat dolor velit ut qui ad laborum. Veniam laborum officia ut sunt. Eu excepteur tempor aliquip. Voluptate sunt ipsum mollit laboris ullamco quis. Dolor sunt veniam culpa magna incididunt occaecat, consectetur officia nulla fugiat occaecat consectetur veniam, laborum exercitation enim sit. Occaecat eiusmod est aute ipsum labore pariatur. Amet ut magna aliquip culpa. Exercitation nostrud in nulla commodo ea in. Ex labore enim tempor veniam.', 'images/request/049rf94u5yr448.jfif', 6, 1);insert into request_phone (request_id, phone) values (120, '0868878096');insert into request_phone (request_id, phone) values (120, '0887685571');insert into request_phone (request_id, phone) values (120, '0873633753');insert into request_phone (request_id, phone) values (120, '0516826851');insert into request (request_id, title, province, district, city, min_price, max_price, min_area, max_area, description, cover_photo, user_id, type_id) values (121, 'Land request ', 'Southern', 'Galle', 'Galle', 74328000, 74350127, 42, 39, 'Veniam fugiat voluptate adipiscing amet magna aliquip. Nulla ad laborum sit consectetur dolore. Lorem sed ex labore non, dolor laboris deserunt nostrud minim consequat in. Exercitation deserunt velit fugiat qui. Incididunt aliqua ad voluptate ipsum nisi aliqua labore, commodo occaecat aliquip est amet eu nisi reprehenderit. Occaecat amet deserunt incididunt proident et. Tempor consectetur ea fugiat cupidatat, et excepteur sint non sit. Et mollit sint aliqua nostrud non id aute.', 'images/request/049rf94u5yr449.jfif', 3, 3);insert into request_phone (request_id, phone) values (121, '0290382803');insert into request_phone (request_id, phone) values (121, '0374154639');insert into request_phone (request_id, phone) values (121, '0971294702');insert into request (request_id, title, province, district, city, min_price, max_price, min_area, max_area, description, cover_photo, user_id, type_id) values (122, 'Requesting a land close to Kegalle ', 'Sabaragamuwa', 'Kegalle', 'Kegalle', 48640000, 48663587, 58, 58, 'Aliqua aute do pariatur, adipiscing tempor lorem occaecat ex dolor est excepteur. Fugiat ipsum exercitation et laboris sunt nulla culpa. Dolor laboris sit sed elit laborum nostrud. Officia pariatur enim nulla labore consectetur, et reprehenderit sunt sint. Enim minim ullamco velit aliqua amet. In do dolore tempor, cillum culpa lorem anim cupidatat. Veniam nulla ea in ad sunt nostrud occaecat. Irure id cillum veniam nulla aliquip, quis dolor voluptate consequat duis dolor culpa, dolor ullamco labore esse qui ad.', 'images/request/049rf94u5yr450.jfif', 3, 1);insert into request_phone (request_id, phone) values (122, '0649094720');insert into request_phone (request_id, phone) values (122, '0643106822');insert into request (request_id, title, province, district, city, min_price, max_price, min_area, max_area, description, cover_photo, user_id, type_id) values (123, 'Land request ', 'NorthWestern', 'Kurunegala', 'Kurunegala', 22876000, 22882041, 96, 105, 'Nostrud exercitation eu laboris ut, cupidatat velit fugiat excepteur, elit mollit et magna nostrud esse sed. Occaecat ea id mollit magna. Ut pariatur velit sit. Mollit sunt proident aliqua lorem laborum. Consequat dolor irure consequat voluptate nulla.', 'images/request/049rf94u5yr451.jfif', 9, 3);insert into request_phone (request_id, phone) values (123, '0723821254');insert into request_phone (request_id, phone) values (123, '0550407872');insert into request_phone (request_id, phone) values (123, '0391785238');insert into request_phone (request_id, phone) values (123, '0961053018');insert into request_phone (request_id, phone) values (123, '0995991154');insert into request (request_id, title, province, district, city, min_price, max_price, min_area, max_area, description, cover_photo, user_id, type_id) values (124, 'Land needed close to Rathnapura ', 'Sabaragamuwa', 'Rathnapura', 'Rathnapura', 4712000, 4713741, 95, 90, 'Exercitation labore consectetur nulla excepteur adipiscing velit. Duis dolore laboris proident ad aliqua. Eu do sint ad aliqua ullamco esse dolor. Excepteur velit nostrud aliqua enim. Irure voluptate fugiat exercitation.', 'images/request/049rf94u5yr452.png', 6, 1);insert into request_phone (request_id, phone) values (124, '0552905855');insert into request_phone (request_id, phone) values (124, '0359329264');insert into request_phone (request_id, phone) values (124, '0451545705');insert into request_phone (request_id, phone) values (124, '0524974658');insert into request (request_id, title, province, district, city, min_price, max_price, min_area, max_area, description, cover_photo, user_id, type_id) values (125, 'Requesting a land ', 'Eastern', 'Batticaloa', 'Batticaloa', 69540000, 69592016, 26, 24, 'Commodo voluptate laborum irure lorem do dolore, irure duis aliqua incididunt aute. Ullamco ad labore ad, minim irure ipsum excepteur commodo enim. Veniam officia esse deserunt elit ea id lorem. Duis nisi proident nulla non voluptate voluptate. Eu velit reprehenderit aliqua aliquip esse. Nulla et quis ipsum, ex esse tempor exercitation in incididunt laborum. Mollit occaecat nulla occaecat reprehenderit qui et. Et lorem non occaecat.', 'images/request/049rf94u5yr453.jfif', 1, 3);insert into request_phone (request_id, phone) values (125, '0203169454');insert into request_phone (request_id, phone) values (125, '0361109752');insert into request_phone (request_id, phone) values (125, '0393492009');insert into request_phone (request_id, phone) values (125, '0282199650');insert into request_phone (request_id, phone) values (125, '0157719933');insert into request (request_id, title, province, district, city, min_price, max_price, min_area, max_area, description, cover_photo, user_id, type_id) values (126, 'Land needed close to Mathara ', 'Southern', 'Mathara', 'Mathara', 24928000, 24924454, 70, 67, 'Fugiat sunt excepteur sed. Dolor ullamco nisi commodo. Ad cillum amet fugiat. In ullamco proident aute do anim. Dolor dolore proident duis duis eiusmod, ipsum sit magna adipiscing ipsum aliquip deserunt duis. Fugiat occaecat sit elit. Aliquip ex et incididunt. Velit qui duis dolor laborum.', 'images/request/049rf94u5yr454.jpg', 7, 3);insert into request_phone (request_id, phone) values (126, '0299371170');insert into request_phone (request_id, phone) values (126, '0640153108');insert into request_phone (request_id, phone) values (126, '0853730156');insert into request (request_id, title, province, district, city, min_price, max_price, min_area, max_area, description, cover_photo, user_id, type_id) values (127, 'Requesting a land in Anuradhapura ', 'NorthCentral', 'Anuradhapura', 'Anuradhapura', 9120000, 9118846, 82, 77, 'Est eiusmod voluptate veniam. Deserunt magna nostrud culpa veniam elit qui. Amet mollit sit ad sed nostrud laboris, magna incididunt aliqua proident velit cillum ex officia, nulla elit veniam fugiat consectetur cupidatat incididunt do. Aliqua ullamco pariatur amet aute et pariatur. Sit mollit amet est anim. Quis voluptate excepteur proident reprehenderit ex.', 'images/request/049rf94u5yr455.png', 7, 3);insert into request_phone (request_id, phone) values (127, '0697823990');insert into request_phone (request_id, phone) values (127, '0926751345');insert into request_phone (request_id, phone) values (127, '0651758299');insert into request (request_id, title, province, district, city, min_price, max_price, min_area, max_area, description, cover_photo, user_id, type_id) values (128, 'Requesting a land ', 'Uva', 'Badulla', 'Badulla', 32756000, 32747130, 68, 72, 'Excepteur sunt in laborum lorem excepteur id. Exercitation lorem quis duis commodo. Occaecat occaecat adipiscing pariatur. Elit officia ad qui fugiat non. Eiusmod dolor id fugiat.', 'images/request/049rf94u5yr456.jfif', 3, 2);insert into request_phone (request_id, phone) values (128, '0695224461');insert into request_phone (request_id, phone) values (128, '0854292571');insert into request_phone (request_id, phone) values (128, '0224835767');insert into request_phone (request_id, phone) values (128, '0690531355');insert into request_phone (request_id, phone) values (128, '0371223101');insert into request (request_id, title, province, district, city, min_price, max_price, min_area, max_area, description, cover_photo, user_id, type_id) values (129, 'Land needed ', 'Northern', 'Mannar', 'Mannar', 34960000, 34988764, 13, 14, 'Exercitation exercitation qui labore ut, esse in in consequat nulla aute amet. Irure do eiusmod et sunt labore ad fugiat, esse id ipsum magna ea labore amet, enim aliqua officia ea eu irure veniam. Lorem eiusmod sunt aliquip fugiat veniam culpa ullamco, magna dolor elit officia culpa nulla laboris tempor. Ex officia nulla minim. Sunt aliqua eiusmod anim nostrud adipiscing.', 'images/request/049rf94u5yr457.jfif', 5, 3);insert into request_phone (request_id, phone) values (129, '0487845526');insert into request_phone (request_id, phone) values (129, '0219170952');insert into request_phone (request_id, phone) values (129, '0162986621');insert into request (request_id, title, province, district, city, min_price, max_price, min_area, max_area, description, cover_photo, user_id, type_id) values (130, 'Requesting a land within 3 km Kegalle ', 'Sabaragamuwa', 'Kegalle', 'Kegalle', 57456000, 57470076, 80, 82, 'Aute adipiscing quis aliquip minim qui adipiscing. Enim eu minim veniam est consequat anim do. Sunt excepteur tempor aliqua ex. Duis ea et lorem. Tempor fugiat mollit ex nisi sunt. Eiusmod exercitation sed cillum excepteur. Veniam eiusmod nisi consequat culpa est, culpa laborum aliqua sit. Commodo nisi esse elit proident eu commodo, velit est laborum magna. Officia sunt est in incididunt nostrud.', 'images/request/049rf94u5yr458.png', 6, 3);insert into request_phone (request_id, phone) values (130, '0629287586');insert into request_phone (request_id, phone) values (130, '0194301168');insert into request_phone (request_id, phone) values (130, '0360363747');insert into request_phone (request_id, phone) values (130, '0282009958');insert into request (request_id, title, province, district, city, min_price, max_price, min_area, max_area, description, cover_photo, user_id, type_id) values (131, 'Land needed close to Galle ', 'Southern', 'Galle', 'Galle', 42028000, 42063808, 59, 58, 'Sunt esse nisi culpa do occaecat laboris, ullamco esse non aliqua sed. In fugiat tempor et, esse nostrud aute ea proident anim nulla. Tempor voluptate sit tempor. Consectetur irure sed anim laboris, voluptate quis ut dolor minim. Commodo ad labore mollit eu ipsum irure sed. Laborum occaecat sed deserunt tempor magna occaecat. Quis sit laborum irure. Magna nisi non velit laboris eiusmod nisi, laboris enim sint incididunt.', 'images/request/049rf94u5yr459.jfif', 10, 3);insert into request_phone (request_id, phone) values (131, '0594322557');insert into request (request_id, title, province, district, city, min_price, max_price, min_area, max_area, description, cover_photo, user_id, type_id) values (132, 'Requesting a land close to Colombo ', 'Western', 'Colombo', 'Colombo', 18468000, 18472864, 91, 84, 'Sint sunt et excepteur, nulla exercitation fugiat in deserunt. Velit et mollit cupidatat irure. Adipiscing dolor adipiscing tempor tempor non ipsum proident. Est excepteur ut quis sunt minim. Est eu in deserunt sint eiusmod nostrud ullamco, aute tempor lorem nostrud nulla ut minim mollit. Dolor sed lorem velit sint fugiat laboris.', 'images/request/049rf94u5yr460.jfif', 6, 2);insert into request_phone (request_id, phone) values (132, '0573400179');insert into request_phone (request_id, phone) values (132, '0776397349');insert into request_phone (request_id, phone) values (132, '0151056022');insert into request_phone (request_id, phone) values (132, '0929734426');insert into request (request_id, title, province, district, city, min_price, max_price, min_area, max_area, description, cover_photo, user_id, type_id) values (133, 'Land needed ', 'Eastern', 'Batticaloa', 'Batticaloa', 70756000, 70794655, 28, 27, 'Labore reprehenderit mollit incididunt. Minim tempor culpa minim, labore ea labore cillum nostrud irure. Ex et lorem id, commodo excepteur elit officia do consectetur. Adipiscing dolore aute enim eu. Nulla sint reprehenderit ad. Et fugiat quis sunt laboris anim excepteur.', 'images/request/049rf94u5yr461.jfif', 5, 1);insert into request_phone (request_id, phone) values (133, '0424434476');insert into request_phone (request_id, phone) values (133, '0214562480');insert into request_phone (request_id, phone) values (133, '0325920228');insert into request (request_id, title, province, district, city, min_price, max_price, min_area, max_area, description, cover_photo, user_id, type_id) values (134, 'Requesting a land within 5 km Gampaha ', 'Western', 'Gampaha', 'Gampaha', 58900000, 58916820, 69, 73, 'Commodo incididunt esse dolore fugiat, eiusmod occaecat pariatur laboris excepteur, laborum nulla commodo amet labore. Duis ut officia anim culpa eu et ex. Ut nisi cupidatat laborum ut eiusmod officia. Do laboris proident dolor veniam. Officia cupidatat pariatur minim eiusmod mollit duis laborum, eu occaecat velit nulla id in consequat.', 'images/request/049rf94u5yr462.jfif', 4, 2);insert into request_phone (request_id, phone) values (134, '0960892551');insert into request_phone (request_id, phone) values (134, '0601795053');insert into request_phone (request_id, phone) values (134, '0540889109');insert into request_phone (request_id, phone) values (134, '0757826931');insert into request (request_id, title, province, district, city, min_price, max_price, min_area, max_area, description, cover_photo, user_id, type_id) values (135, 'Land request ', 'NorthCentral', 'Anuradhapura', 'Anuradhapura', 44840000, 44852752, 38, 38, 'Amet et elit ullamco esse in pariatur, enim aliquip in consequat consequat minim, mollit cillum eiusmod sunt sint. Do ut excepteur dolor non proident. Id laboris dolor anim, occaecat aliqua dolore occaecat. Velit velit sint consectetur elit, eiusmod culpa labore occaecat proident commodo velit, adipiscing et cupidatat labore. Laborum eu aute esse proident. Esse quis et voluptate qui excepteur lorem, veniam aute sed magna, sit id cupidatat esse aliqua consequat. Aute voluptate consectetur id consectetur.', 'images/request/049rf94u5yr463.jfif', 4, 3);insert into request_phone (request_id, phone) values (135, '0155667650');insert into request_phone (request_id, phone) values (135, '0734702481');insert into request (request_id, title, province, district, city, min_price, max_price, min_area, max_area, description, cover_photo, user_id, type_id) values (136, 'Requesting a land in Kurunegala immediately', 'NorthWestern', 'Kurunegala', 'Kurunegala', 26448000, 26473071, 73, 73, 'Proident esse id cupidatat. Aliqua magna cillum ex officia tempor culpa. Voluptate adipiscing ad reprehenderit veniam. Laborum non culpa qui est aliqua veniam. Reprehenderit est officia anim labore, elit consequat proident fugiat est. Laboris ex commodo consectetur ipsum.', 'images/request/049rf94u5yr464.jfif', 8, 1);insert into request_phone (request_id, phone) values (136, '0667583395');insert into request (request_id, title, province, district, city, min_price, max_price, min_area, max_area, description, cover_photo, user_id, type_id) values (137, 'Land request close to Mannar immediately', 'Northern', 'Mannar', 'Mannar', 22952000, 22972202, 81, 84, 'Cillum ea sit in exercitation. Velit adipiscing veniam sunt ut, lorem dolore do sunt anim ut esse. Ut nisi qui exercitation exercitation. Duis laboris proident commodo commodo amet amet. Labore ad ullamco enim et anim in. Excepteur et eu ut sint cupidatat anim adipiscing, dolor id ex aliquip duis occaecat ut. Est duis exercitation excepteur excepteur elit. Magna tempor pariatur cupidatat amet, non veniam reprehenderit exercitation dolore labore aliqua. Lorem nisi sint anim laborum exercitation. Voluptate voluptate proident ullamco.', 'images/request/049rf94u5yr465.jfif', 7, 1);insert into request_phone (request_id, phone) values (137, '0510508242');insert into request_phone (request_id, phone) values (137, '0513619326');insert into request_phone (request_id, phone) values (137, '0568119449');insert into request (request_id, title, province, district, city, min_price, max_price, min_area, max_area, description, cover_photo, user_id, type_id) values (138, 'Requesting a land within 45 km Colombo ', 'Western', 'Colombo', 'Colombo', 25232000, 25217776, 75, 82, 'Ut proident et aliqua. Enim do sunt laboris magna fugiat enim tempor. Non culpa consequat elit nulla magna dolore ex, qui esse sit consequat tempor do incididunt, officia amet ex in eiusmod labore culpa esse. Amet et non ex nulla lorem elit. Anim laborum id qui irure aute magna laboris, est officia dolore laboris officia sed mollit, ea aute ut occaecat minim ex sunt. Ut dolore dolor non esse quis nulla est, magna sint elit ut tempor nostrud. Amet cupidatat dolore sint quis.', 'images/request/049rf94u5yr466.jfif', 4, 2);insert into request_phone (request_id, phone) values (138, '0538432210');insert into request_phone (request_id, phone) values (138, '0641293025');insert into request_phone (request_id, phone) values (138, '0334575961');insert into request_phone (request_id, phone) values (138, '0818725754');insert into request_phone (request_id, phone) values (138, '0530235039');insert into request (request_id, title, province, district, city, min_price, max_price, min_area, max_area, description, cover_photo, user_id, type_id) values (139, 'Requesting a land within 6 km Kurunegala ', 'NorthWestern', 'Kurunegala', 'Kurunegala', 67184000, 67172472, 88, 93, 'Magna fugiat pariatur fugiat tempor mollit. Id veniam consectetur lorem consequat in do sint. Do magna qui quis minim adipiscing, non enim cillum labore aliquip. Magna cillum dolore ut consectetur consequat minim. Labore excepteur dolore quis ipsum consequat sed duis.', 'images/request/049rf94u5yr467.png', 2, 1);insert into request_phone (request_id, phone) values (139, '0736943715');insert into request_phone (request_id, phone) values (139, '0250997123');insert into request_phone (request_id, phone) values (139, '0231702769');insert into request (request_id, title, province, district, city, min_price, max_price, min_area, max_area, description, cover_photo, user_id, type_id) values (140, 'Requesting a land ', 'Sabaragamuwa', 'Kegalle', 'Kegalle', 51072000, 51093130, 64, 64, 'Pariatur officia sit lorem consectetur nostrud. Consectetur amet deserunt ullamco ea ad eu. Non ipsum voluptate aliquip et sit mollit. Ex et proident amet aliquip velit ex duis. Non ea labore consequat aliqua consequat incididunt non.', 'images/request/049rf94u5yr468.png', 2, 3);insert into request_phone (request_id, phone) values (140, '0208170293');insert into request_phone (request_id, phone) values (140, '0279828274');insert into request_phone (request_id, phone) values (140, '0458637541');insert into request (request_id, title, province, district, city, min_price, max_price, min_area, max_area, description, cover_photo, user_id, type_id) values (141, 'Land needed ', 'Eastern', 'Trincomalee', 'Trincomalee', 27132000, 27127731, 100, 98, 'Exercitation sunt laborum exercitation sint. Excepteur deserunt quis reprehenderit cillum ex, fugiat sunt fugiat consectetur. Sint laborum esse nostrud adipiscing. Cillum velit fugiat qui. Et est amet ut enim ipsum. Exercitation incididunt non sed. Aute consequat dolor consectetur, ad proident eu do dolor do. Ea aute voluptate sint minim nostrud ut sunt. Tempor consequat reprehenderit cillum.', 'images/request/049rf94u5yr469.jfif', 2, 2);insert into request_phone (request_id, phone) values (141, '0944154043');insert into request_phone (request_id, phone) values (141, '0569178727');insert into request_phone (request_id, phone) values (141, '0206464839');insert into request (request_id, title, province, district, city, min_price, max_price, min_area, max_area, description, cover_photo, user_id, type_id) values (142, 'Land needed immediately', 'Sabaragamuwa', 'Kegalle', 'Kegalle', 18012000, 17999011, 29, 29, 'Mollit ex in reprehenderit, nisi nulla exercitation labore, deserunt dolor elit sit deserunt ipsum et. Sed ad anim occaecat consequat commodo sed. Officia nisi esse minim dolore. Nostrud excepteur est in nisi dolore. Pariatur aute ea amet lorem ullamco est.', 'images/request/049rf94u5yr470.jfif', 7, 1);insert into request_phone (request_id, phone) values (142, '0538641027');insert into request_phone (request_id, phone) values (142, '0974181345');insert into request_phone (request_id, phone) values (142, '0809591501');insert into request_phone (request_id, phone) values (142, '0136210277');insert into request_phone (request_id, phone) values (142, '0783607625');insert into request (request_id, title, province, district, city, min_price, max_price, min_area, max_area, description, cover_photo, user_id, type_id) values (143, 'Land request in Matale ', 'Central', 'Matale', 'Matale', 73112000, 73068368, 54, 57, 'Proident culpa esse aliquip do. Fugiat in ullamco id incididunt ut ut in. Dolore consectetur cillum quis. Veniam minim sunt occaecat consequat in, laborum ut eiusmod irure nulla nulla labore. Dolor ex excepteur eu. Voluptate aliquip sit ad do ullamco cillum laboris. Sint dolor proident eu eu cupidatat veniam. Qui cupidatat laborum ea.', 'images/request/049rf94u5yr471.png', 5, 1);insert into request_phone (request_id, phone) values (143, '0816825610');insert into request (request_id, title, province, district, city, min_price, max_price, min_area, max_area, description, cover_photo, user_id, type_id) values (144, 'Land request close to Badulla ', 'Uva', 'Badulla', 'Badulla', 61484000, 61473928, 57, 54, 'Ex ea occaecat dolore officia est in, sed magna ad consequat reprehenderit eu culpa occaecat. Reprehenderit ex officia voluptate elit exercitation sunt magna. Dolore eu esse eiusmod incididunt sint. Voluptate et excepteur est incididunt laborum in lorem. Mollit elit voluptate proident.', 'images/request/049rf94u5yr472.jfif', 10, 1);insert into request_phone (request_id, phone) values (144, '0929417525');insert into request_phone (request_id, phone) values (144, '0605249180');insert into request_phone (request_id, phone) values (144, '0561689794');insert into request_phone (request_id, phone) values (144, '0673697654');insert into request_phone (request_id, phone) values (144, '0979192676');insert into request (request_id, title, province, district, city, min_price, max_price, min_area, max_area, description, cover_photo, user_id, type_id) values (145, 'Land request in Badulla ', 'Uva', 'Badulla', 'Badulla', 70148000, 70205292, 38, 38, 'Nostrud esse eu magna quis. Et laboris ipsum non sed commodo sed ullamco, consectetur pariatur nisi dolore dolore irure. Eiusmod incididunt do sint fugiat. Quis tempor commodo qui. Ut in aute eiusmod. Est do ipsum minim ex culpa. Dolor enim incididunt proident pariatur sit non eu. Laborum dolore elit enim, nostrud cillum est cillum. Sunt ea quis pariatur aute.', 'images/request/049rf94u5yr473.jfif', 5, 2);insert into request_phone (request_id, phone) values (145, '0527248820');insert into request_phone (request_id, phone) values (145, '0761205928');insert into request (request_id, title, province, district, city, min_price, max_price, min_area, max_area, description, cover_photo, user_id, type_id) values (146, 'Land request ', 'NorthCentral', 'Polonnaruwa', 'Polonnaruwa', 7372000, 7378590, 18, 17, 'Fugiat dolor dolore incididunt adipiscing magna ad. Anim in deserunt quis. Dolore ad aliqua eiusmod ex, commodo mollit consequat ea non, do veniam tempor consequat officia cupidatat fugiat. Magna et dolore nostrud non. Nisi sunt officia pariatur est labore nostrud tempor. Deserunt et cupidatat reprehenderit. Ipsum commodo proident ipsum ut ea exercitation sunt. Duis lorem voluptate ad mollit. Id reprehenderit amet elit voluptate sit. Lorem anim non sit qui culpa velit nostrud, ad dolore incididunt dolor sunt fugiat eiusmod.', 'images/request/049rf94u5yr474.jfif', 9, 3);insert into request_phone (request_id, phone) values (146, '0653419661');insert into request (request_id, title, province, district, city, min_price, max_price, min_area, max_area, description, cover_photo, user_id, type_id) values (147, 'Land request immediately', 'Western', 'Kaluthara', 'Kaluthara', 34732000, 34732010, 87, 80, 'Laboris veniam amet aute. Do eu et cillum nostrud. Consequat reprehenderit sunt mollit ut mollit occaecat non, eu incididunt nostrud occaecat nostrud. Sit voluptate nostrud incididunt, dolor nulla est in laboris deserunt aliquip. Velit magna eu fugiat et sunt. Non magna irure sint cillum, nostrud qui ipsum cupidatat, est culpa ex velit duis sint sunt. Adipiscing pariatur enim pariatur sit officia. Non mollit qui qui quis culpa ut aliquip. Proident mollit in sed ut, do nostrud non velit.', 'images/request/049rf94u5yr475.jfif', 9, 2);insert into request_phone (request_id, phone) values (147, '0262725115');insert into request (request_id, title, province, district, city, min_price, max_price, min_area, max_area, description, cover_photo, user_id, type_id) values (148, 'Land needed close to Kandy ', 'Central', 'Kandy', 'Kandy', 22040000, 22050632, 88, 84, 'Laboris velit excepteur aliquip magna fugiat do nulla. Labore laboris quis aliquip dolore ex occaecat. Culpa et voluptate sint. Dolor et officia sint laborum. Laboris cillum eu adipiscing qui non excepteur. Ad eu reprehenderit in excepteur. Magna adipiscing occaecat commodo excepteur id. Ipsum adipiscing aute labore. Sunt deserunt sit do.', 'images/request/049rf94u5yr476.jfif', 5, 3);insert into request_phone (request_id, phone) values (148, '0180014194');insert into request_phone (request_id, phone) values (148, '0156403378');insert into request (request_id, title, province, district, city, min_price, max_price, min_area, max_area, description, cover_photo, user_id, type_id) values (149, 'Land request ', 'Eastern', 'Batticaloa', 'Batticaloa', 64752000, 64764565, 96, 89, 'Occaecat do mollit veniam dolore occaecat velit cupidatat. Consequat veniam eu laboris laborum proident nisi consequat. Et eiusmod mollit adipiscing. Consequat laborum sed elit minim ad ex, irure exercitation mollit officia sunt. Ad et elit cillum non veniam. Ad fugiat elit nulla non culpa. Amet in aute irure est magna. Ipsum sunt mollit culpa est cillum cillum consectetur, adipiscing cupidatat sunt commodo velit, sed duis elit exercitation dolore laborum. In cillum sunt sit. Ex nisi ut minim, quis quis velit exercitation ipsum nisi voluptate duis, dolore eu sit commodo in reprehenderit irure quis.', 'images/request/049rf94u5yr477.jfif', 1, 1);insert into request_phone (request_id, phone) values (149, '0487929196');insert into request (request_id, title, province, district, city, min_price, max_price, min_area, max_area, description, cover_photo, user_id, type_id) values (150, 'Land request in Badulla ', 'Uva', 'Badulla', 'Badulla', 6460000, 6454698, 86, 91, 'Consequat ipsum ut in excepteur mollit proident lorem. Et ut dolore cillum aute deserunt enim sit. Veniam voluptate nisi officia aliquip amet magna cillum. Consectetur non id exercitation nisi. Nulla quis duis fugiat.', 'images/request/049rf94u5yr478.jfif', 3, 1);insert into request_phone (request_id, phone) values (150, '0286202025');insert into request_phone (request_id, phone) values (150, '0363411705');insert into request (request_id, title, province, district, city, min_price, max_price, min_area, max_area, description, cover_photo, user_id, type_id) values (151, 'Land request within 27 km Mullativu immediately', 'Northern', 'Mullativu', 'Mullativu', 18088000, 18100388, 42, 44, 'Fugiat anim irure ex fugiat pariatur aliquip lorem, ipsum duis lorem adipiscing. Exercitation sit officia lorem amet dolore. Officia ea minim id quis ea sed aute. In qui dolore sunt laboris cupidatat quis proident, qui dolore magna amet cillum cupidatat non aute. Laborum ad amet sunt voluptate. Proident incididunt enim aute ut, aliquip duis pariatur aliqua sint quis eu est, amet esse ad est id enim.', 'images/request/049rf94u5yr479.jfif', 2, 1);insert into request_phone (request_id, phone) values (151, '0720493313');insert into request_phone (request_id, phone) values (151, '0967125404');insert into request_phone (request_id, phone) values (151, '0122926479');insert into request_phone (request_id, phone) values (151, '0989254185');insert into request_phone (request_id, phone) values (151, '0775890934');insert into request (request_id, title, province, district, city, min_price, max_price, min_area, max_area, description, cover_photo, user_id, type_id) values (152, 'Land request ', 'Sabaragamuwa', 'Rathnapura', 'Rathnapura', 38532000, 38551154, 23, 21, 'Ipsum officia exercitation est nulla duis aliqua ut, ipsum sed veniam ex. Nulla tempor laboris occaecat proident elit, quis ea sed incididunt elit nulla proident eiusmod. Mollit ut ex esse. Irure amet pariatur magna lorem excepteur, officia ullamco enim cupidatat aute. Cupidatat exercitation ullamco consequat esse amet, adipiscing labore aute esse aute lorem, pariatur culpa pariatur duis laborum dolore labore.', 'images/request/049rf94u5yr480.jpg', 10, 3);insert into request_phone (request_id, phone) values (152, '0469920492');insert into request_phone (request_id, phone) values (152, '0166156708');insert into request (request_id, title, province, district, city, min_price, max_price, min_area, max_area, description, cover_photo, user_id, type_id) values (153, 'Land request ', 'Southern', 'Hambanthota', 'Hambanthota', 72656000, 72694654, 47, 43, 'Sint ipsum fugiat esse enim. Aliquip veniam in pariatur consectetur. Esse ut reprehenderit est excepteur nostrud. Irure tempor non magna. In esse excepteur labore labore nostrud consequat culpa, cillum pariatur laborum ullamco magna ullamco ex nisi. Amet fugiat eiusmod veniam mollit deserunt nisi laborum. Adipiscing duis occaecat in. Fugiat lorem occaecat irure laborum anim. Sit sit qui elit commodo. Reprehenderit pariatur sit amet mollit officia.', 'images/request/049rf94u5yr481.jfif', 7, 1);insert into request_phone (request_id, phone) values (153, '0228291526');insert into request (request_id, title, province, district, city, min_price, max_price, min_area, max_area, description, cover_photo, user_id, type_id) values (154, 'Land needed in Ampara ', 'Eastern', 'Ampara', 'Ampara', 20140000, 20120892, 26, 24, 'Officia sunt irure fugiat qui ea aliqua esse, laboris sed officia culpa culpa. Ex eu eu aliqua anim ullamco pariatur, laboris ut anim cupidatat cupidatat labore. Quis dolore minim culpa, fugiat aliqua aute occaecat officia ea veniam. Eu ea non ex tempor voluptate laborum. Sint sed est minim occaecat laborum culpa. Adipiscing tempor ipsum non mollit laboris. Cupidatat pariatur sed minim proident fugiat nulla mollit, enim nulla duis quis. Non mollit anim excepteur aliquip sed non fugiat, eu aliqua magna eiusmod irure fugiat enim, incididunt excepteur ea reprehenderit reprehenderit eu. Consequat dolore incididunt elit labore deserunt occaecat in. Excepteur magna ex enim sunt.', 'images/request/049rf94u5yr482.jfif', 3, 3);insert into request_phone (request_id, phone) values (154, '0528614335');insert into request_phone (request_id, phone) values (154, '0890828473');insert into request_phone (request_id, phone) values (154, '0819199478');insert into request_phone (request_id, phone) values (154, '0596570766');insert into request_phone (request_id, phone) values (154, '0688938421');insert into request (request_id, title, province, district, city, min_price, max_price, min_area, max_area, description, cover_photo, user_id, type_id) values (155, 'Requesting a land close to Monaragala ', 'Uva', 'Monaragala', 'Monaragala', 27588000, 27570935, 47, 51, 'Lorem consectetur amet velit aliqua, occaecat esse occaecat qui esse deserunt, culpa ipsum id pariatur in sed. Do ipsum eiusmod non nostrud, est voluptate in dolor qui, do mollit voluptate incididunt quis. Exercitation aute ex quis aliqua elit, do culpa ea aliqua duis fugiat consectetur, velit fugiat incididunt excepteur consequat eu. Non esse irure reprehenderit aliqua culpa. Et voluptate deserunt aliquip et commodo exercitation. Ut eiusmod cupidatat eiusmod laboris, fugiat adipiscing deserunt commodo ea. Consectetur voluptate consectetur sit fugiat. Adipiscing in sunt magna duis sed aliquip. Aliqua ad ex ipsum aliqua.', 'images/request/049rf94u5yr483.jpg', 5, 1);insert into request_phone (request_id, phone) values (155, '0540996613');insert into request_phone (request_id, phone) values (155, '0391857674');insert into request (request_id, title, province, district, city, min_price, max_price, min_area, max_area, description, cover_photo, user_id, type_id) values (156, 'Land request immediately', 'Central', 'NuwaraEliya', 'NuwaraEliya', 20292000, 20284662, 68, 67, 'Sunt elit officia sint. In nostrud id quis consequat aliqua sit pariatur, proident ex culpa quis ex sint occaecat. Velit aute nulla laborum consectetur. Exercitation ea ea ut enim in incididunt, in consectetur et magna duis consequat lorem adipiscing, labore voluptate culpa adipiscing voluptate irure. Fugiat elit magna anim minim reprehenderit, ipsum pariatur ipsum nisi veniam. Est magna anim commodo sint.', 'images/request/049rf94u5yr484.jfif', 3, 3);insert into request_phone (request_id, phone) values (156, '0820263715');insert into request_phone (request_id, phone) values (156, '0598752646');insert into request_phone (request_id, phone) values (156, '0385593042');insert into request_phone (request_id, phone) values (156, '0539121316');insert into request (request_id, title, province, district, city, min_price, max_price, min_area, max_area, description, cover_photo, user_id, type_id) values (157, 'Requesting a land immediately', 'Southern', 'Mathara', 'Mathara', 27056000, 27057842, 30, 30, 'Nostrud dolor fugiat elit qui in. Laboris exercitation ex cupidatat mollit magna ipsum culpa, et nisi aliqua pariatur commodo consectetur anim. Eiusmod id aute ut commodo deserunt. Amet veniam reprehenderit consequat esse dolore laboris. Dolor amet amet minim in aute.', 'images/request/049rf94u5yr485.jfif', 1, 2);insert into request_phone (request_id, phone) values (157, '0368819010');insert into request_phone (request_id, phone) values (157, '0780704571');insert into request_phone (request_id, phone) values (157, '0595116769');insert into request_phone (request_id, phone) values (157, '0255788765');insert into request_phone (request_id, phone) values (157, '0796810448');insert into request (request_id, title, province, district, city, min_price, max_price, min_area, max_area, description, cover_photo, user_id, type_id) values (158, 'Requesting a land within 40 km Batticaloa immediately', 'Eastern', 'Batticaloa', 'Batticaloa', 57076000, 57027934, 37, 34, 'Ipsum laboris fugiat deserunt proident proident. Laboris eiusmod lorem magna labore. Ipsum laboris duis sit mollit sint. Cillum consectetur ex tempor veniam eu, tempor eu magna magna sed dolor. Sunt deserunt consectetur officia quis nulla dolor. Eiusmod cupidatat consequat enim sunt non consequat. Laboris aliqua sit veniam reprehenderit adipiscing, officia commodo enim velit veniam.', 'images/request/049rf94u5yr486.jpg', 6, 1);insert into request_phone (request_id, phone) values (158, '0286933000');insert into request_phone (request_id, phone) values (158, '0448983918');insert into request_phone (request_id, phone) values (158, '0418802545');insert into request_phone (request_id, phone) values (158, '0715284245');insert into request_phone (request_id, phone) values (158, '0306518190');insert into request (request_id, title, province, district, city, min_price, max_price, min_area, max_area, description, cover_photo, user_id, type_id) values (159, 'Requesting a land in Monaragala immediately', 'Uva', 'Monaragala', 'Monaragala', 66044000, 66046889, 23, 22, 'Pariatur sint dolor sint in. Consectetur reprehenderit incididunt labore. Pariatur ad incididunt esse et excepteur elit. Quis non dolor ea cupidatat enim do ex. Fugiat sint sint sed. Proident laborum enim velit sit. Lorem aliquip ut labore veniam ullamco. Voluptate laborum reprehenderit lorem enim fugiat do, velit ea cupidatat elit do fugiat ut.', 'images/request/049rf94u5yr487.jfif', 3, 3);insert into request_phone (request_id, phone) values (159, '0816178395');insert into request (request_id, title, province, district, city, min_price, max_price, min_area, max_area, description, cover_photo, user_id, type_id) values (160, 'Requesting a land ', 'Eastern', 'Batticaloa', 'Batticaloa', 29412000, 29395486, 23, 24, 'Anim irure pariatur eiusmod. Aliquip duis qui tempor qui lorem officia laborum. Cillum mollit reprehenderit commodo tempor tempor. Sed quis reprehenderit laborum dolor, esse anim nulla lorem nisi fugiat enim nostrud. Voluptate velit enim exercitation. Occaecat id proident voluptate dolor cupidatat ullamco.', 'images/request/049rf94u5yr488.jfif', 7, 1);insert into request_phone (request_id, phone) values (160, '0813853259');insert into request_phone (request_id, phone) values (160, '0713667786');insert into request_phone (request_id, phone) values (160, '0911771265');insert into request_phone (request_id, phone) values (160, '0907640009');insert into request (request_id, title, province, district, city, min_price, max_price, min_area, max_area, description, cover_photo, user_id, type_id) values (161, 'Land needed immediately', 'Eastern', 'Trincomalee', 'Trincomalee', 63840000, 63793986, 22, 24, 'Voluptate quis sed incididunt aliquip reprehenderit pariatur ut. Irure reprehenderit sit laborum proident, quis cupidatat ea amet cillum do. Ut elit cillum id adipiscing dolor dolor nostrud. Proident pariatur occaecat dolor est exercitation quis. Dolor eiusmod pariatur incididunt nisi cillum laboris do. Et labore mollit nostrud mollit amet voluptate. Culpa occaecat esse lorem aute ut minim nisi. Officia tempor velit voluptate ipsum sit officia commodo. Aliquip quis irure magna reprehenderit labore veniam amet. Do labore in commodo cupidatat laborum pariatur.', 'images/request/049rf94u5yr489.jpg', 1, 2);insert into request_phone (request_id, phone) values (161, '0701912997');insert into request_phone (request_id, phone) values (161, '0352204262');insert into request_phone (request_id, phone) values (161, '0961351653');insert into request_phone (request_id, phone) values (161, '0449880394');insert into request (request_id, title, province, district, city, min_price, max_price, min_area, max_area, description, cover_photo, user_id, type_id) values (162, 'Land request ', 'Southern', 'Galle', 'Galle', 67944000, 68007091, 64, 69, 'Nisi deserunt esse enim lorem. Amet sunt incididunt eu. Veniam consectetur qui veniam aliqua voluptate veniam commodo, lorem laborum cupidatat mollit amet lorem do. Dolore aute anim officia id. Aliquip elit do laboris consectetur ullamco ad officia.', 'images/request/049rf94u5yr490.jfif', 3, 3);insert into request_phone (request_id, phone) values (162, '0954603897');insert into request_phone (request_id, phone) values (162, '0642906054');insert into request_phone (request_id, phone) values (162, '0569462227');insert into request_phone (request_id, phone) values (162, '0147609894');insert into request_phone (request_id, phone) values (162, '0183372132');insert into request (request_id, title, province, district, city, min_price, max_price, min_area, max_area, description, cover_photo, user_id, type_id) values (163, 'Requesting a land in Gampaha ', 'Western', 'Gampaha', 'Gampaha', 54112000, 54099471, 87, 92, 'Lorem excepteur lorem qui cupidatat tempor proident deserunt. Amet excepteur ea quis do nisi mollit. Est consectetur laboris occaecat excepteur eiusmod, dolor eu aute adipiscing minim cupidatat eiusmod. Laborum tempor ex mollit. Duis consequat anim dolor deserunt.', 'images/request/049rf94u5yr491.jpg', 5, 1);insert into request_phone (request_id, phone) values (163, '0571291728');insert into request_phone (request_id, phone) values (163, '0411411833');insert into request_phone (request_id, phone) values (163, '0737467223');insert into request_phone (request_id, phone) values (163, '0966349333');insert into request_phone (request_id, phone) values (163, '0653465666');insert into request (request_id, title, province, district, city, min_price, max_price, min_area, max_area, description, cover_photo, user_id, type_id) values (164, 'Land needed within 4 km Puttalam ', 'NorthWestern', 'Puttalam', 'Puttalam', 44612000, 44629606, 89, 93, 'Nisi incididunt fugiat nostrud dolore proident. Proident non fugiat minim cupidatat anim mollit, dolor consequat occaecat deserunt magna. Incididunt adipiscing tempor magna exercitation consequat ut. Dolore occaecat nostrud nulla nostrud consequat magna. Fugiat laborum do incididunt nostrud esse ut voluptate, est sed labore amet nisi aliqua. Ullamco eu et esse tempor aliquip, culpa nostrud minim quis incididunt qui consequat. Mollit sit ipsum sunt voluptate fugiat aute excepteur, dolor excepteur excepteur enim non. Deserunt aliqua dolor anim in. Sint cupidatat consequat ex reprehenderit reprehenderit.', 'images/request/049rf94u5yr492.jpg', 10, 3);insert into request_phone (request_id, phone) values (164, '0320023164');insert into request (request_id, title, province, district, city, min_price, max_price, min_area, max_area, description, cover_photo, user_id, type_id) values (165, 'Land needed close to Polonnaruwa ', 'NorthCentral', 'Polonnaruwa', 'Polonnaruwa', 69312000, 69356429, 37, 37, 'Id deserunt commodo id irure fugiat exercitation, ad sunt pariatur irure non. Labore commodo tempor culpa amet officia deserunt labore. Eiusmod commodo anim mollit lorem. Incididunt aliqua proident id deserunt. Veniam nostrud minim ea est, duis esse est irure occaecat sit in. Cupidatat duis do esse, proident anim lorem laborum consectetur. Consequat proident ad amet enim et. Lorem enim sint consectetur elit sunt consequat non. Mollit sed occaecat ad consequat ea reprehenderit fugiat, officia culpa aute adipiscing. Proident officia nisi ut enim.', 'images/request/049rf94u5yr493.jpg', 7, 3);insert into request_phone (request_id, phone) values (165, '0217312498');insert into request_phone (request_id, phone) values (165, '0900836142');insert into request_phone (request_id, phone) values (165, '0917068573');insert into request_phone (request_id, phone) values (165, '0177322944');insert into request (request_id, title, province, district, city, min_price, max_price, min_area, max_area, description, cover_photo, user_id, type_id) values (166, 'Land needed ', 'Central', 'Matale', 'Matale', 37468000, 37489719, 16, 15, 'Sunt lorem officia cupidatat qui laborum non. Et commodo aliqua reprehenderit labore, amet sed lorem cillum proident sit, nisi dolore irure reprehenderit aliquip eiusmod. Aliqua dolore proident ullamco voluptate id, ut commodo eu elit, adipiscing enim enim anim laborum minim duis. Velit nostrud commodo do nisi enim deserunt. Ipsum ullamco nostrud laborum, eiusmod et enim anim minim nostrud eu, adipiscing mollit enim et lorem eu. Aliqua voluptate officia esse.', 'images/request/049rf94u5yr494.png', 2, 3);insert into request_phone (request_id, phone) values (166, '0964479991');insert into request_phone (request_id, phone) values (166, '0475031955');insert into request_phone (request_id, phone) values (166, '0575124884');insert into request_phone (request_id, phone) values (166, '0757156072');insert into request (request_id, title, province, district, city, min_price, max_price, min_area, max_area, description, cover_photo, user_id, type_id) values (167, 'Requesting a land ', 'Eastern', 'Trincomalee', 'Trincomalee', 69388000, 69414808, 53, 50, 'Amet in pariatur eu. Proident do ullamco ex et anim. Magna do et culpa id non ad velit, ea ut duis officia. Enim amet tempor sed culpa quis ipsum aute, occaecat duis velit nostrud. Ipsum voluptate minim enim. Enim non dolore mollit. Lorem officia ut commodo reprehenderit ea laborum cupidatat, eu officia ullamco voluptate ea fugiat, dolor fugiat quis in exercitation ex officia.', 'images/request/049rf94u5yr495.jpg', 8, 2);insert into request_phone (request_id, phone) values (167, '0312672218');insert into request (request_id, title, province, district, city, min_price, max_price, min_area, max_area, description, cover_photo, user_id, type_id) values (168, 'Requesting a land in Kurunegala ', 'NorthWestern', 'Kurunegala', 'Kurunegala', 35340000, 35360955, 54, 56, 'Veniam id nostrud dolore officia consequat in, sint aliquip fugiat id. Officia veniam irure dolore commodo. Magna sunt amet exercitation, sint minim occaecat dolore amet. Et et adipiscing ipsum nulla dolore in, sunt magna id aliquip ut. Eu aliquip reprehenderit consectetur incididunt laboris. Anim adipiscing elit irure sed excepteur mollit, amet velit lorem exercitation, id consequat esse sunt velit reprehenderit. Nostrud pariatur ipsum ullamco ut non, deserunt sit est anim deserunt excepteur ea.', 'images/request/049rf94u5yr496.jfif', 9, 2);insert into request_phone (request_id, phone) values (168, '0349853284');insert into request (request_id, title, province, district, city, min_price, max_price, min_area, max_area, description, cover_photo, user_id, type_id) values (169, 'Requesting a land close to Polonnaruwa ', 'NorthCentral', 'Polonnaruwa', 'Polonnaruwa', 15428000, 15443310, 20, 19, 'Ad amet cupidatat eiusmod commodo, esse amet commodo minim non fugiat amet reprehenderit. Non reprehenderit in esse sint, et ut ex sunt proident, exercitation sint consectetur incididunt. Cillum proident aute incididunt reprehenderit ex. Ea esse sed qui officia. Proident cillum laboris tempor ipsum.', 'images/request/049rf94u5yr497.jfif', 5, 3);insert into request_phone (request_id, phone) values (169, '0865090994');insert into request_phone (request_id, phone) values (169, '0851194136');insert into request_phone (request_id, phone) values (169, '0674356919');insert into request (request_id, title, province, district, city, min_price, max_price, min_area, max_area, description, cover_photo, user_id, type_id) values (170, 'Requesting a land in Galle ', 'Southern', 'Galle', 'Galle', 36404000, 36380242, 13, 12, 'Aliquip enim aliquip sint sint culpa. Quis consequat fugiat incididunt quis ullamco culpa. Occaecat mollit exercitation nisi sunt dolor esse non, magna aliquip labore dolor aute fugiat mollit do. Mollit tempor excepteur labore sit ipsum proident, non deserunt eu irure duis eiusmod in, culpa officia laborum in consectetur dolor ex. Adipiscing cillum occaecat ea occaecat officia deserunt sed. Mollit officia in nostrud amet, nulla elit voluptate culpa occaecat, nostrud consequat duis cupidatat quis lorem aliquip aute. Ad est ipsum quis tempor cupidatat ullamco. Reprehenderit ut ex dolor elit deserunt fugiat. Consequat cupidatat consectetur dolore eu.', 'images/request/049rf94u5yr498.png', 3, 3);insert into request_phone (request_id, phone) values (170, '0602810418');insert into request (request_id, title, province, district, city, min_price, max_price, min_area, max_area, description, cover_photo, user_id, type_id) values (171, 'Requesting a land close to Polonnaruwa ', 'NorthCentral', 'Polonnaruwa', 'Polonnaruwa', 56696000, 56744033, 97, 100, 'Culpa eiusmod veniam exercitation dolor ea. Irure laboris est labore mollit adipiscing aliqua. Ipsum eiusmod reprehenderit adipiscing velit reprehenderit. Sit enim ullamco labore, ea ullamco sed duis. Sit pariatur consequat ea, in incididunt voluptate anim sunt cupidatat eiusmod elit. Magna occaecat sunt nulla. Dolore magna ad do. Amet labore anim proident non pariatur irure. Dolor ad est minim est ut ullamco, irure non nulla reprehenderit officia in ut proident.', 'images/request/049rf94u5yr499.jfif', 4, 2);insert into request_phone (request_id, phone) values (171, '0325590220');insert into request_phone (request_id, phone) values (171, '0908201251');insert into request (request_id, title, province, district, city, min_price, max_price, min_area, max_area, description, cover_photo, user_id, type_id) values (172, 'Land request within 49 km Trincomalee ', 'Eastern', 'Trincomalee', 'Trincomalee', 7296000, 7289602, 97, 103, 'Occaecat eiusmod aliqua aute labore, exercitation duis irure anim. Amet proident deserunt enim veniam excepteur exercitation eu, ipsum aute veniam ea aliquip commodo est excepteur. Ullamco ad sint consequat commodo velit. Culpa cupidatat commodo fugiat reprehenderit sunt laborum cupidatat, esse aliquip nostrud laboris consectetur. Ipsum sit consectetur incididunt laborum. Ipsum consectetur dolore veniam, labore culpa lorem in non eu qui, magna minim laborum nulla et et.', 'images/request/049rf94u5yr500.png', 5, 1);insert into request_phone (request_id, phone) values (172, '0110852449');insert into request_phone (request_id, phone) values (172, '0978527184');insert into request_phone (request_id, phone) values (172, '0763630309');insert into request_phone (request_id, phone) values (172, '0628742064');insert into request (request_id, title, province, district, city, min_price, max_price, min_area, max_area, description, cover_photo, user_id, type_id) values (173, 'Land needed in Puttalam ', 'NorthWestern', 'Puttalam', 'Puttalam', 23712000, 23715483, 90, 81, 'Elit do voluptate reprehenderit id commodo sed. Aute incididunt qui velit aute esse. Quis tempor voluptate lorem id lorem occaecat. Enim deserunt ipsum occaecat cillum. Incididunt nisi qui occaecat amet fugiat nostrud quis, ex ea deserunt dolore minim culpa amet, cillum qui pariatur velit aute.', 'images/request/049rf94u5yr501.jfif', 8, 3);insert into request_phone (request_id, phone) values (173, '0502855564');insert into request_phone (request_id, phone) values (173, '0484210729');insert into request_phone (request_id, phone) values (173, '0865389483');insert into request (request_id, title, province, district, city, min_price, max_price, min_area, max_area, description, cover_photo, user_id, type_id) values (174, 'Land request ', 'NorthWestern', 'Kurunegala', 'Kurunegala', 15124000, 15112403, 75, 78, 'Amet mollit sit consequat, nostrud cupidatat sed deserunt ad. Anim quis aute elit consequat. Commodo esse dolore veniam excepteur enim veniam irure. Commodo culpa do ex. Qui aliquip mollit excepteur commodo consequat cupidatat, nostrud cupidatat enim et irure sint. Reprehenderit dolor nulla ex voluptate aliquip. Exercitation excepteur nostrud in incididunt. Commodo lorem culpa sit ut mollit. Ad labore pariatur nisi, nisi esse in qui. Exercitation excepteur sint exercitation pariatur et irure laboris.', 'images/request/049rf94u5yr502.jpg', 6, 1);insert into request_phone (request_id, phone) values (174, '0491145095');insert into request_phone (request_id, phone) values (174, '0348157546');insert into request_phone (request_id, phone) values (174, '0440769058');insert into request_phone (request_id, phone) values (174, '0205530293');insert into request (request_id, title, province, district, city, min_price, max_price, min_area, max_area, description, cover_photo, user_id, type_id) values (175, 'Land request in Kegalle ', 'Sabaragamuwa', 'Kegalle', 'Kegalle', 40128000, 40156200, 57, 59, 'Non laboris cupidatat ullamco velit. Quis sint do occaecat lorem. Ipsum quis labore aliquip do quis fugiat. Duis sunt nostrud sed ullamco, magna elit sint qui. Lorem id aute aute esse pariatur tempor. Dolore fugiat tempor proident veniam esse nulla nulla.', 'images/request/049rf94u5yr503.jfif', 6, 3);insert into request_phone (request_id, phone) values (175, '0838313827');insert into request_phone (request_id, phone) values (175, '0389063060');insert into request_phone (request_id, phone) values (175, '0529868057');insert into request_phone (request_id, phone) values (175, '0540663273');insert into request_phone (request_id, phone) values (175, '0760065868');insert into request (request_id, title, province, district, city, min_price, max_price, min_area, max_area, description, cover_photo, user_id, type_id) values (176, 'Requesting a land within 46 km Anuradhapura ', 'NorthCentral', 'Anuradhapura', 'Anuradhapura', 14060000, 14047908, 57, 57, 'Duis sed nulla id. Pariatur irure aliqua lorem ut do. Esse consectetur sed ad in lorem nisi, qui sunt elit consequat proident excepteur. Ex dolore cillum ipsum in qui non. Nostrud qui mollit duis laborum velit. Excepteur adipiscing do aute id, laboris commodo sit enim exercitation ea irure laboris. Culpa deserunt cillum sint veniam aliquip cupidatat irure. Minim labore sint aliquip dolore duis.', 'images/request/049rf94u5yr504.jpg', 10, 2);insert into request_phone (request_id, phone) values (176, '0606417253');insert into request_phone (request_id, phone) values (176, '0426235193');insert into request_phone (request_id, phone) values (176, '0314571494');insert into request_phone (request_id, phone) values (176, '0698101767');insert into request_phone (request_id, phone) values (176, '0280979217');insert into request (request_id, title, province, district, city, min_price, max_price, min_area, max_area, description, cover_photo, user_id, type_id) values (177, 'Land needed ', 'NorthWestern', 'Puttalam', 'Puttalam', 45828000, 45871039, 91, 89, 'Voluptate laborum minim quis ea. Ad adipiscing ullamco ad deserunt nisi qui. Officia eu id ipsum exercitation mollit dolore, qui consectetur ut cillum. Dolor adipiscing sint consectetur. Et consectetur dolor occaecat minim sit aliquip. Esse ex nostrud exercitation elit cupidatat fugiat mollit, lorem qui anim ad. Mollit labore et id sed. Mollit ullamco labore do quis aute sed.', 'images/request/049rf94u5yr505.jpg', 2, 3);insert into request_phone (request_id, phone) values (177, '0678849558');insert into request_phone (request_id, phone) values (177, '0328491705');insert into request_phone (request_id, phone) values (177, '0745363269');insert into request (request_id, title, province, district, city, min_price, max_price, min_area, max_area, description, cover_photo, user_id, type_id) values (178, 'Land needed close to NuwaraEliya ', 'Central', 'NuwaraEliya', 'NuwaraEliya', 47044000, 47005274, 49, 47, 'Nulla enim qui elit consectetur laboris anim, irure sit aute laboris. Dolore sit veniam veniam aliqua adipiscing est. Aliquip fugiat elit lorem eu consequat exercitation eiusmod. Ea commodo voluptate qui sed do. Incididunt adipiscing ullamco excepteur. Est duis labore exercitation esse culpa irure nisi. Aliquip sit commodo adipiscing adipiscing, id fugiat ullamco nisi ut aute. Labore lorem enim voluptate nulla, eiusmod commodo elit sunt minim laboris, sunt cillum sed minim deserunt cupidatat nulla.', 'images/request/049rf94u5yr506.png', 9, 3);insert into request_phone (request_id, phone) values (178, '0462881266');insert into request (request_id, title, province, district, city, min_price, max_price, min_area, max_area, description, cover_photo, user_id, type_id) values (179, 'Land request within 48 km Ampara ', 'Eastern', 'Ampara', 'Ampara', 56316000, 56350215, 43, 43, 'Est adipiscing duis elit duis id. Irure dolore anim qui minim cillum non. Sit non lorem sint sunt. Ut ullamco mollit consectetur lorem ad. Ad ut ipsum consectetur. Mollit voluptate ea sunt pariatur. Voluptate irure cupidatat voluptate reprehenderit est pariatur.', 'images/request/049rf94u5yr507.jfif', 2, 1);insert into request_phone (request_id, phone) values (179, '0322901742');insert into request_phone (request_id, phone) values (179, '0489259754');insert into request_phone (request_id, phone) values (179, '0456939876');insert into request_phone (request_id, phone) values (179, '0330608403');insert into request_phone (request_id, phone) values (179, '0802812865');insert into request (request_id, title, province, district, city, min_price, max_price, min_area, max_area, description, cover_photo, user_id, type_id) values (180, 'Requesting a land within 21 km Vavuniya ', 'Northern', 'Vavuniya', 'Vavuniya', 45600000, 45620908, 35, 37, 'Mollit labore occaecat qui aliqua dolor labore. Culpa excepteur officia ea occaecat. Aliqua laboris amet consequat id nostrud commodo. Tempor et excepteur enim. Aute incididunt est duis ipsum anim, velit excepteur pariatur proident officia. Deserunt anim commodo laboris laborum. Fugiat ipsum laborum magna veniam. Eiusmod incididunt amet adipiscing culpa.', 'images/request/049rf94u5yr508.png', 9, 3);insert into request_phone (request_id, phone) values (180, '0469774746');insert into request (request_id, title, province, district, city, min_price, max_price, min_area, max_area, description, cover_photo, user_id, type_id) values (181, 'Land needed in Ampara ', 'Eastern', 'Ampara', 'Ampara', 72504000, 72568807, 35, 35, 'Laboris occaecat consectetur voluptate sint cupidatat pariatur, incididunt incididunt amet cillum aliquip sit nostrud, fugiat incididunt do et est voluptate. Fugiat do occaecat est excepteur, elit lorem ullamco est mollit labore consequat irure, aliquip non eiusmod sint eu deserunt. Et exercitation est occaecat laboris. Veniam irure anim nulla ad minim ad et, aliqua aliquip magna elit quis in occaecat. Esse labore in anim ullamco officia aliqua. Nostrud aliqua tempor qui tempor aute, reprehenderit duis ad ipsum deserunt amet magna elit. Aliquip incididunt do et. Aute ut officia culpa dolor nulla, excepteur amet adipiscing proident aliqua non occaecat dolor. Ad officia laboris minim dolor, excepteur commodo nisi sit eu ad ullamco nisi.', 'images/request/049rf94u5yr509.jfif', 2, 2);insert into request_phone (request_id, phone) values (181, '0461633768');insert into request (request_id, title, province, district, city, min_price, max_price, min_area, max_area, description, cover_photo, user_id, type_id) values (182, 'Requesting a land ', 'Central', 'NuwaraEliya', 'NuwaraEliya', 51604000, 51610892, 63, 62, 'Reprehenderit cillum ut officia. Nostrud sed nulla est minim duis. Irure ex minim ipsum do, qui sunt excepteur lorem. Irure veniam aute ipsum quis non. Ad voluptate eu est in et nulla. Ullamco elit veniam cillum. Consectetur sint sunt deserunt lorem laborum esse. Exercitation eiusmod ea ex duis esse quis. Quis velit laborum eu magna quis. Nulla tempor deserunt deserunt dolor et.', 'images/request/049rf94u5yr510.jpg', 2, 2);insert into request_phone (request_id, phone) values (182, '0804889091');insert into request_phone (request_id, phone) values (182, '0634539354');insert into request (request_id, title, province, district, city, min_price, max_price, min_area, max_area, description, cover_photo, user_id, type_id) values (183, 'Land needed close to Puttalam immediately', 'NorthWestern', 'Puttalam', 'Puttalam', 19228000, 19243965, 13, 12, 'Cillum minim veniam non aliquip occaecat. Amet dolor magna irure ad laborum aliquip cupidatat. Commodo adipiscing laboris ullamco amet. Culpa sit consectetur sed. Cillum magna cillum dolore, duis tempor veniam consectetur officia. Sed qui cillum non. Ut magna veniam velit. Anim enim veniam in cupidatat.', 'images/request/049rf94u5yr511.jpg', 8, 1);insert into request_phone (request_id, phone) values (183, '0137436890');insert into request_phone (request_id, phone) values (183, '0768118928');insert into request_phone (request_id, phone) values (183, '0179691419');insert into request_phone (request_id, phone) values (183, '0847534855');insert into request_phone (request_id, phone) values (183, '0905039258');insert into request (request_id, title, province, district, city, min_price, max_price, min_area, max_area, description, cover_photo, user_id, type_id) values (184, 'Land request ', 'NorthCentral', 'Polonnaruwa', 'Polonnaruwa', 61864000, 61802977, 30, 31, 'Sint ad aute sint amet lorem consequat, mollit dolor veniam officia do eu. Aliquip esse tempor sit lorem. Sunt deserunt nostrud occaecat. Occaecat nostrud est qui est qui aute magna. Velit ipsum mollit nisi dolor cupidatat ut. Eiusmod quis irure labore aute commodo cillum quis. Nulla tempor pariatur amet ex est labore sed, aute occaecat consequat laborum tempor, cillum laborum tempor ut esse magna aliqua dolor. Sed non ut amet culpa esse. Aliqua sint deserunt esse sed nulla, irure aliquip ex nostrud mollit in reprehenderit.', 'images/request/049rf94u5yr512.jpg', 3, 1);insert into request_phone (request_id, phone) values (184, '0856278257');insert into request_phone (request_id, phone) values (184, '0402020419');insert into request_phone (request_id, phone) values (184, '0919831076');insert into request_phone (request_id, phone) values (184, '0356434560');insert into request (request_id, title, province, district, city, min_price, max_price, min_area, max_area, description, cover_photo, user_id, type_id) values (185, 'Requesting a land immediately', 'Northern', 'Kilinochchi', 'Kilinochchi', 72884000, 72923115, 45, 47, 'Incididunt ex non incididunt sint ullamco amet. Sit magna et enim amet nulla enim. Nisi amet anim ex. Ullamco et id cillum eu. Id amet id duis. Sit ad non dolor proident lorem, fugiat eu eu dolore adipiscing. Nulla enim laborum irure est. Qui dolore eiusmod id et duis, officia amet nulla consectetur labore fugiat eu.', 'images/request/049rf94u5yr513.png', 5, 1);insert into request_phone (request_id, phone) values (185, '0930137265');insert into request_phone (request_id, phone) values (185, '0568687551');insert into request_phone (request_id, phone) values (185, '0394218257');insert into request_phone (request_id, phone) values (185, '0806940703');insert into request (request_id, title, province, district, city, min_price, max_price, min_area, max_area, description, cover_photo, user_id, type_id) values (186, 'Land needed ', 'Northern', 'Mannar', 'Mannar', 69692000, 69626572, 72, 79, 'Sit aute anim nostrud exercitation excepteur, qui ea ad occaecat deserunt. Aute magna incididunt adipiscing incididunt. Ea proident magna reprehenderit culpa amet, tempor labore fugiat est. Sunt amet magna commodo ea incididunt aliqua id. Proident do incididunt laborum nisi in occaecat sunt. Deserunt ad quis duis. Eiusmod laborum voluptate laboris tempor proident occaecat mollit. Anim ad veniam enim tempor fugiat aliqua.', 'images/request/049rf94u5yr514.jpg', 3, 1);insert into request_phone (request_id, phone) values (186, '0109724081');insert into request_phone (request_id, phone) values (186, '0849235131');insert into request (request_id, title, province, district, city, min_price, max_price, min_area, max_area, description, cover_photo, user_id, type_id) values (187, 'Land request within 41 km Badulla ', 'Uva', 'Badulla', 'Badulla', 41268000, 41283935, 40, 41, 'Voluptate lorem anim do. Aliqua occaecat ut elit lorem exercitation. Dolor voluptate aliqua quis mollit sit, fugiat incididunt irure mollit, quis eiusmod consectetur consectetur aute. Excepteur minim aliquip ullamco fugiat consequat tempor tempor. Lorem tempor aliquip dolore labore deserunt aliqua occaecat. Deserunt enim enim excepteur laborum nulla. Enim velit ad ad ea, commodo eiusmod dolore culpa incididunt aute. Exercitation consectetur esse anim qui pariatur aliqua.', 'images/request/049rf94u5yr515.jfif', 4, 2);insert into request_phone (request_id, phone) values (187, '0392768170');insert into request_phone (request_id, phone) values (187, '0568607733');insert into request (request_id, title, province, district, city, min_price, max_price, min_area, max_area, description, cover_photo, user_id, type_id) values (188, 'Land needed in Kurunegala ', 'NorthWestern', 'Kurunegala', 'Kurunegala', 46512000, 46478322, 16, 16, 'Reprehenderit duis in et incididunt excepteur. Irure amet labore do veniam aliquip sed. Ullamco incididunt magna minim et adipiscing. Enim in aute amet exercitation. Amet cillum non incididunt exercitation id sint, dolor ut elit enim duis lorem, lorem mollit sint proident aute enim. Laboris aliqua officia exercitation, non esse amet duis dolore.', 'images/request/049rf94u5yr516.jfif', 8, 2);insert into request_phone (request_id, phone) values (188, '0660092879');insert into request_phone (request_id, phone) values (188, '0858277959');insert into request_phone (request_id, phone) values (188, '0707566335');insert into request (request_id, title, province, district, city, min_price, max_price, min_area, max_area, description, cover_photo, user_id, type_id) values (189, 'Land needed ', 'NorthWestern', 'Puttalam', 'Puttalam', 22496000, 22488949, 60, 62, 'Id mollit enim cillum nulla. Ullamco reprehenderit cupidatat irure sit et minim. Occaecat irure ullamco ut sunt. Excepteur culpa sit ea et commodo anim, minim ipsum lorem proident magna sed. Aute aliquip labore incididunt. Laborum nulla anim pariatur deserunt. Ut aliqua nulla in dolore excepteur do.', 'images/request/049rf94u5yr517.jfif', 2, 2);insert into request_phone (request_id, phone) values (189, '0588119300');insert into request_phone (request_id, phone) values (189, '0359277317');insert into request_phone (request_id, phone) values (189, '0146194732');insert into request_phone (request_id, phone) values (189, '0770849424');insert into request (request_id, title, province, district, city, min_price, max_price, min_area, max_area, description, cover_photo, user_id, type_id) values (190, 'Land needed ', 'Uva', 'Monaragala', 'Monaragala', 23256000, 23251735, 24, 23, 'In adipiscing consequat ad aliqua ut sed eu, laborum mollit nostrud veniam incididunt nulla pariatur. Nostrud ea irure ex, nisi non consectetur occaecat deserunt id. In cillum exercitation minim id minim. Aliquip sint ut pariatur. Anim sunt officia adipiscing, est id duis cillum mollit enim elit sint. Lorem laboris ut et ipsum aute, veniam incididunt anim in. Sint excepteur lorem est sint incididunt ad.', 'images/request/049rf94u5yr518.jfif', 4, 2);insert into request_phone (request_id, phone) values (190, '0450896971');insert into request_phone (request_id, phone) values (190, '0591972504');insert into request_phone (request_id, phone) values (190, '0561033495');insert into request_phone (request_id, phone) values (190, '0284047455');insert into request (request_id, title, province, district, city, min_price, max_price, min_area, max_area, description, cover_photo, user_id, type_id) values (191, 'Land request in Kegalle ', 'Sabaragamuwa', 'Kegalle', 'Kegalle', 36100000, 36128226, 52, 51, 'Fugiat amet id est incididunt mollit. Non aute sed ipsum laborum quis. Ex amet commodo ut non adipiscing sit proident. Aliqua reprehenderit eu culpa esse nisi officia, ex eu elit aute labore. Ullamco aliquip velit fugiat laboris ea enim. Officia occaecat aliqua quis, mollit ea proident labore fugiat exercitation eiusmod nostrud. Culpa eiusmod duis ipsum officia est cupidatat.', 'images/request/049rf94u5yr519.jpg', 1, 3);insert into request_phone (request_id, phone) values (191, '0401210312');insert into request_phone (request_id, phone) values (191, '0346189847');insert into request (request_id, title, province, district, city, min_price, max_price, min_area, max_area, description, cover_photo, user_id, type_id) values (192, 'Requesting a land ', 'NorthCentral', 'Anuradhapura', 'Anuradhapura', 37088000, 37056401, 66, 62, 'Aliquip ad incididunt labore quis. Cupidatat aute ex consequat dolor. Reprehenderit dolore labore excepteur sunt veniam. Laboris sunt enim nostrud non. Dolore sunt laborum elit. Consequat fugiat dolor anim cupidatat adipiscing sit, veniam elit labore sunt est aute exercitation laboris.', 'images/request/049rf94u5yr520.png', 10, 2);insert into request_phone (request_id, phone) values (192, '0744298262');insert into request_phone (request_id, phone) values (192, '0773205043');insert into request_phone (request_id, phone) values (192, '0616931022');insert into request_phone (request_id, phone) values (192, '0749740685');insert into request_phone (request_id, phone) values (192, '0631904117');insert into request (request_id, title, province, district, city, min_price, max_price, min_area, max_area, description, cover_photo, user_id, type_id) values (193, 'Requesting a land ', 'NorthCentral', 'Anuradhapura', 'Anuradhapura', 20748000, 20727914, 45, 42, 'Esse do cupidatat eiusmod, ut reprehenderit ea aute consectetur. Velit et fugiat commodo id ut sit tempor, aliquip ad excepteur sunt, voluptate velit eiusmod ex dolor. Dolore est cupidatat consequat non anim eu. Aliqua nostrud do ipsum tempor, in ex dolore lorem minim. In qui voluptate esse tempor occaecat. Magna proident laboris et id veniam nisi do. Aliqua aliqua proident ea, pariatur laborum ullamco cillum. Labore aliquip sed labore voluptate. Ut exercitation laborum duis. Anim occaecat voluptate laborum cupidatat magna laborum sed.', 'images/request/049rf94u5yr521.jpg', 3, 3);insert into request_phone (request_id, phone) values (193, '0409591081');insert into request (request_id, title, province, district, city, min_price, max_price, min_area, max_area, description, cover_photo, user_id, type_id) values (194, 'Land request close to Kandy ', 'Central', 'Kandy', 'Kandy', 33136000, 33130416, 58, 62, 'Culpa enim sit incididunt, amet commodo ullamco ea lorem irure exercitation labore. Ut pariatur labore reprehenderit do cillum est do. Eiusmod aliqua sint deserunt eu pariatur. Elit laboris minim incididunt exercitation fugiat deserunt irure. Minim ipsum elit sit. Pariatur exercitation officia consectetur voluptate sint.', 'images/request/049rf94u5yr522.png', 7, 2);insert into request_phone (request_id, phone) values (194, '0337963523');insert into request_phone (request_id, phone) values (194, '0845282249');insert into request (request_id, title, province, district, city, min_price, max_price, min_area, max_area, description, cover_photo, user_id, type_id) values (195, 'Land request ', 'Western', 'Kaluthara', 'Kaluthara', 67260000, 67324676, 63, 58, 'Adipiscing id do nulla anim proident. Ut duis amet mollit non nostrud, anim id excepteur est velit velit sed lorem. Quis laborum amet aute mollit occaecat elit. Exercitation mollit elit culpa eu sint nisi. Nisi ullamco nisi nisi quis, sint laboris velit incididunt minim. Sint aute sed ea consequat deserunt officia, quis nostrud velit sit. Eu dolore ex nostrud.', 'images/request/049rf94u5yr523.jpg', 6, 3);insert into request_phone (request_id, phone) values (195, '0315170183');insert into request_phone (request_id, phone) values (195, '0643375596');insert into request_phone (request_id, phone) values (195, '0238573286');insert into request_phone (request_id, phone) values (195, '0253427395');insert into request (request_id, title, province, district, city, min_price, max_price, min_area, max_area, description, cover_photo, user_id, type_id) values (196, 'Land needed within 5 km Batticaloa ', 'Eastern', 'Batticaloa', 'Batticaloa', 48868000, 48901490, 77, 81, 'Incididunt ea velit est. Laborum labore anim aliquip minim eu sunt voluptate, duis excepteur esse exercitation consequat. Proident in commodo voluptate eiusmod veniam. Adipiscing aliquip aliqua sunt, labore consectetur eu dolor aliqua. Nulla reprehenderit consectetur labore lorem nisi, aute lorem fugiat dolor sit et ex. Ea exercitation ullamco dolore esse.', 'images/request/049rf94u5yr524.jfif', 9, 2);insert into request_phone (request_id, phone) values (196, '0844079585');insert into request_phone (request_id, phone) values (196, '0951773856');insert into request_phone (request_id, phone) values (196, '0164653058');insert into request (request_id, title, province, district, city, min_price, max_price, min_area, max_area, description, cover_photo, user_id, type_id) values (197, 'Land needed within 9 km Ampara ', 'Eastern', 'Ampara', 'Ampara', 15200000, 15193442, 100, 100, 'Id sed mollit enim voluptate anim non dolore. Nulla anim commodo esse cupidatat minim consequat ut, ad reprehenderit cupidatat sint aliqua et lorem nisi. Id pariatur amet qui pariatur mollit veniam. Ad quis ut quis nisi nulla, consectetur reprehenderit elit cupidatat aliqua. Esse est duis enim qui, aute duis dolor est. Nulla incididunt in eu ad fugiat enim sint, et irure amet minim. Do sit sunt ut incididunt lorem, aliquip qui consequat velit mollit qui eu magna, qui esse aliquip ea do. Minim fugiat magna sint reprehenderit incididunt est aliqua, est culpa in cillum est laborum sit, anim non eu sint ea amet velit. Amet incididunt aute quis consequat, incididunt eu minim dolore, deserunt exercitation anim qui id exercitation minim anim.', 'images/request/049rf94u5yr525.jfif', 9, 1);insert into request_phone (request_id, phone) values (197, '0980223659');insert into request_phone (request_id, phone) values (197, '0487078067');insert into request (request_id, title, province, district, city, min_price, max_price, min_area, max_area, description, cover_photo, user_id, type_id) values (198, 'Land needed ', 'Sabaragamuwa', 'Kegalle', 'Kegalle', 17708000, 17704440, 50, 48, 'Minim cillum ullamco dolore. Sed amet cupidatat ipsum amet qui eu. Dolor ut sit tempor dolor sunt. Aute lorem tempor consequat cillum pariatur reprehenderit. Laborum quis deserunt elit qui reprehenderit ad deserunt, pariatur culpa laboris velit anim.', 'images/request/049rf94u5yr526.png', 1, 3);insert into request_phone (request_id, phone) values (198, '0180540543');insert into request_phone (request_id, phone) values (198, '0885677956');insert into request_phone (request_id, phone) values (198, '0687172351');insert into request_phone (request_id, phone) values (198, '0945185357');insert into request_phone (request_id, phone) values (198, '0867421746');insert into request (request_id, title, province, district, city, min_price, max_price, min_area, max_area, description, cover_photo, user_id, type_id) values (199, 'Requesting a land within 24 km Polonnaruwa ', 'NorthCentral', 'Polonnaruwa', 'Polonnaruwa', 75088000, 75057781, 14, 14, 'Duis in cupidatat reprehenderit cupidatat non anim voluptate, labore cillum in irure sint anim pariatur ullamco, laborum sunt culpa laborum fugiat. Qui consectetur fugiat excepteur excepteur in eiusmod, lorem velit enim dolore adipiscing aute qui, eu quis pariatur enim anim duis. Sunt velit labore nostrud nulla sit sint, dolor duis cupidatat dolore lorem duis. Amet ad laboris velit nisi cupidatat lorem cillum. Fugiat est irure pariatur proident non laboris. Sint est anim deserunt sunt.', 'images/request/049rf94u5yr527.jpg', 1, 2);insert into request_phone (request_id, phone) values (199, '0325322702');insert into request_phone (request_id, phone) values (199, '0691570888');insert into request_phone (request_id, phone) values (199, '0461498383');insert into request_phone (request_id, phone) values (199, '0190768993');